,EVENTMSGACTIONTYPE,EVENTMSGTYPE,EVENTNUM,GAME_ID,HOMEDESCRIPTION,NEUTRALDESCRIPTION,PCTIMESTRING,PERIOD,PERSON1TYPE,PERSON2TYPE,PERSON3TYPE,PLAYER1_ID,PLAYER1_NAME,PLAYER1_TEAM_ABBREVIATION,PLAYER1_TEAM_CITY,PLAYER1_TEAM_ID,PLAYER1_TEAM_NICKNAME,PLAYER2_ID,PLAYER2_NAME,PLAYER2_TEAM_ABBREVIATION,PLAYER2_TEAM_CITY,PLAYER2_TEAM_ID,PLAYER2_TEAM_NICKNAME,PLAYER3_ID,PLAYER3_NAME,PLAYER3_TEAM_ABBREVIATION,PLAYER3_TEAM_CITY,PLAYER3_TEAM_ID,PLAYER3_TEAM_NICKNAME,SCORE,SCOREMARGIN,VISITORDESCRIPTION,WCTIMESTRING,ACTION_TYPE,EVENT_TYPE,GAME_EVENT_ID,GRID_TYPE,LOC_X,LOC_Y,MINUTES_REMAINING,PLAYER_ID,PLAYER_NAME,SECONDS_REMAINING,SHOT_ATTEMPTED_FLAG,SHOT_DISTANCE,SHOT_MADE_FLAG,SHOT_TYPE,SHOT_ZONE_AREA,SHOT_ZONE_BASIC,SHOT_ZONE_RANGE,TEAM_ID,TEAM_NAME
0,1,2,2,0021501226,MISS LaVine  3PT Jump Shot,,11:52,1,4.0,0,0,203897,Zach LaVine,MIN,Minnesota,1610612750.0,Timberwolves,0,,,,,,0,,,,,,,,,8:11 PM,Jump Shot,Missed Shot,2,Shot Chart Detail,228,47,11,203897,Zach LaVine,52,1,23,0,3PT Field Goal,Right Side(R),Right Corner 3,24+ ft.,1610612750,Minnesota Timberwolves
1,1,2,5,0021501226,,,11:29,1,5.0,0,0,201967,Dante Cunningham,NOP,New Orleans,1610612740.0,Pelicans,0,,,,,,0,,,,,,,,MISS Cunningham  3PT Jump Shot,8:12 PM,Jump Shot,Missed Shot,5,Shot Chart Detail,228,38,11,201967,Dante Cunningham,29,1,23,0,3PT Field Goal,Right Side(R),Right Corner 3,24+ ft.,1610612740,New Orleans Pelicans
2,1,2,7,0021501226,MISS Towns 25' 3PT Jump Shot,,11:10,1,4.0,0,0,1626157,Karl-Anthony Towns,MIN,Minnesota,1610612750.0,Timberwolves,0,,,,,,0,,,,,,,,,8:12 PM,Jump Shot,Missed Shot,7,Shot Chart Detail,-109,228,11,1626157,Karl-Anthony Towns,10,1,25,0,3PT Field Goal,Left Side Center(LC),Above the Break 3,24+ ft.,1610612750,Minnesota Timberwolves
3,7,1,9,0021501226,,,10:54,1,5.0,5,0,201600,Omer Asik,NOP,New Orleans,1610612740.0,Pelicans,202706,Jordan Hamilton,NOP,New Orleans,1610612740.0,Pelicans,0,,,,,,2 - 0,-2,Asik  Dunk (2 PTS) (Hamilton 1 AST),8:12 PM,Dunk Shot,Made Shot,9,Shot Chart Detail,0,1,10,201600,Omer Asik,54,1,0,1,2PT Field Goal,Center(C),Restricted Area,Less Than 8 ft.,1610612740,New Orleans Pelicans
4,1,2,10,0021501226,MISS Rubio 25' 3PT Jump Shot,,10:34,1,4.0,0,0,201937,Ricky Rubio,MIN,Minnesota,1610612750.0,Timberwolves,0,,,,,,0,,,,,,,,,8:13 PM,Jump Shot,Missed Shot,10,Shot Chart Detail,-215,134,10,201937,Ricky Rubio,34,1,25,0,3PT Field Goal,Left Side Center(LC),Above the Break 3,24+ ft.,1610612750,Minnesota Timberwolves
5,46,2,12,0021501226,,,10:19,1,5.0,0,0,201967,Dante Cunningham,NOP,New Orleans,1610612740.0,Pelicans,0,,,,,,0,,,,,,,,MISS Cunningham 7' Running Jump Shot,8:13 PM,Running Jump Shot,Missed Shot,12,Shot Chart Detail,-17,70,10,201967,Dante Cunningham,19,1,7,0,2PT Field Goal,Center(C),In The Paint (Non-RA),Less Than 8 ft.,1610612740,New Orleans Pelicans
6,1,2,14,0021501226,,,10:16,1,5.0,0,0,201962,Toney Douglas,NOP,New Orleans,1610612740.0,Pelicans,0,,,,,,0,,,,,,,,MISS Douglas 24' 3PT Jump Shot,8:13 PM,Jump Shot,Missed Shot,14,Shot Chart Detail,28,242,10,201962,Toney Douglas,16,1,24,0,3PT Field Goal,Center(C),Above the Break 3,24+ ft.,1610612740,New Orleans Pelicans
7,44,1,19,0021501226,,,9:47,1,5.0,5,0,203516,James Ennis,NOP,New Orleans,1610612740.0,Pelicans,201962,Toney Douglas,NOP,New Orleans,1610612740.0,Pelicans,0,,,,,,4 - 2,-2,Ennis 2' Reverse Layup (2 PTS) (Douglas 1 AST),8:14 PM,Reverse Layup Shot,Made Shot,19,Shot Chart Detail,19,7,9,203516,James Ennis,47,1,2,1,2PT Field Goal,Center(C),Restricted Area,Less Than 8 ft.,1610612740,New Orleans Pelicans
8,5,1,20,0021501226,Dieng 2' Layup (4 PTS) (Rubio 2 AST),,9:35,1,4.0,4,0,203476,Gorgui Dieng,MIN,Minnesota,1610612750.0,Timberwolves,201937,Ricky Rubio,MIN,Minnesota,1610612750.0,Timberwolves,0,,,,,,4 - 4,TIE,,8:14 PM,Layup Shot,Made Shot,20,Shot Chart Detail,-22,7,9,203476,Gorgui Dieng,35,1,2,1,2PT Field Goal,Center(C),Restricted Area,Less Than 8 ft.,1610612750,Minnesota Timberwolves
9,79,2,28,0021501226,,,8:42,1,5.0,0,0,201962,Toney Douglas,NOP,New Orleans,1610612740.0,Pelicans,0,,,,,,0,,,,,,,,MISS Douglas 19' Pullup Jump Shot,8:16 PM,Pullup Jump shot,Missed Shot,28,Shot Chart Detail,-110,159,8,201962,Toney Douglas,42,1,19,0,2PT Field Goal,Left Side Center(LC),Mid-Range,16-24 ft.,1610612740,New Orleans Pelicans
10,1,1,31,0021501226,,,8:31,1,5.0,5,0,203516,James Ennis,NOP,New Orleans,1610612740.0,Pelicans,201962,Toney Douglas,NOP,New Orleans,1610612740.0,Pelicans,0,,,,,,7 - 6,-1,Ennis  3PT Jump Shot (5 PTS) (Douglas 2 AST),8:16 PM,Jump Shot,Made Shot,31,Shot Chart Detail,228,0,8,203516,James Ennis,31,1,22,1,3PT Field Goal,Right Side(R),Right Corner 3,24+ ft.,1610612740,New Orleans Pelicans
11,1,1,33,0021501226,Towns  3PT Jump Shot (3 PTS) (Rubio 3 AST),,8:15,1,4.0,4,0,1626157,Karl-Anthony Towns,MIN,Minnesota,1610612750.0,Timberwolves,201937,Ricky Rubio,MIN,Minnesota,1610612750.0,Timberwolves,0,,,,,,7 - 9,2,,8:16 PM,Jump Shot,Made Shot,33,Shot Chart Detail,-227,16,8,1626157,Karl-Anthony Towns,15,1,22,1,3PT Field Goal,Left Side(L),Left Corner 3,24+ ft.,1610612750,Minnesota Timberwolves
12,1,2,34,0021501226,,,7:57,1,5.0,0,0,202706,Jordan Hamilton,NOP,New Orleans,1610612740.0,Pelicans,0,,,,,,0,,,,,,,,MISS Hamilton 25' 3PT Jump Shot,8:17 PM,Jump Shot,Missed Shot,34,Shot Chart Detail,155,193,7,202706,Jordan Hamilton,57,1,24,0,3PT Field Goal,Right Side Center(RC),Above the Break 3,24+ ft.,1610612740,New Orleans Pelicans
13,44,1,36,0021501226,,,7:52,1,5.0,5,0,201967,Dante Cunningham,NOP,New Orleans,1610612740.0,Pelicans,201962,Toney Douglas,NOP,New Orleans,1610612740.0,Pelicans,0,,,,,,9 - 9,TIE,Cunningham 2' Reverse Layup (2 PTS) (Douglas 3 AST),8:17 PM,Reverse Layup Shot,Made Shot,36,Shot Chart Detail,-11,11,7,201967,Dante Cunningham,52,1,1,1,2PT Field Goal,Center(C),Restricted Area,Less Than 8 ft.,1610612740,New Orleans Pelicans
14,1,2,37,0021501226,MISS LaVine  3PT Jump Shot,,7:32,1,4.0,0,0,203897,Zach LaVine,MIN,Minnesota,1610612750.0,Timberwolves,0,,,,,,0,,,,,,,,,8:17 PM,Jump Shot,Missed Shot,37,Shot Chart Detail,222,21,7,203897,Zach LaVine,32,1,22,0,3PT Field Goal,Right Side(R),Right Corner 3,24+ ft.,1610612750,Minnesota Timberwolves
15,5,2,39,0021501226,Towns BLOCK (1 BLK),,7:16,1,5.0,0,4,201600,Omer Asik,NOP,New Orleans,1610612740.0,Pelicans,0,,,,,,1626157,Karl-Anthony Towns,MIN,Minnesota,1610612750.0,Timberwolves,,,MISS Asik 2' Layup,8:17 PM,Layup Shot,Missed Shot,39,Shot Chart Detail,19,11,7,201600,Omer Asik,16,1,2,0,2PT Field Goal,Center(C),Restricted Area,Less Than 8 ft.,1610612740,New Orleans Pelicans
16,1,1,41,0021501226,,,7:13,1,5.0,5,0,201962,Toney Douglas,NOP,New Orleans,1610612740.0,Pelicans,201967,Dante Cunningham,NOP,New Orleans,1610612740.0,Pelicans,0,,,,,,11 - 9,-2,Douglas 20' Jump Shot (2 PTS) (Cunningham 1 AST),8:18 PM,Jump Shot,Made Shot,41,Shot Chart Detail,189,57,7,201962,Toney Douglas,13,1,19,1,2PT Field Goal,Right Side(R),Mid-Range,16-24 ft.,1610612740,New Orleans Pelicans
17,78,1,43,0021501226,Dieng 6' Floating Jump Shot (6 PTS) (Rubio 4 AST),,6:57,1,4.0,4,0,203476,Gorgui Dieng,MIN,Minnesota,1610612750.0,Timberwolves,201937,Ricky Rubio,MIN,Minnesota,1610612750.0,Timberwolves,0,,,,,,11 - 11,TIE,,8:18 PM,Floating Jump shot,Made Shot,43,Shot Chart Detail,-47,43,6,203476,Gorgui Dieng,57,1,6,1,2PT Field Goal,Center(C),In The Paint (Non-RA),Less Than 8 ft.,1610612750,Minnesota Timberwolves
18,80,1,49,0021501226,Towns 18' Step Back Jump Shot (5 PTS) (LaVine 1 AST),,6:30,1,4.0,4,0,1626157,Karl-Anthony Towns,MIN,Minnesota,1610612750.0,Timberwolves,203897,Zach LaVine,MIN,Minnesota,1610612750.0,Timberwolves,0,,,,,,13 - 13,TIE,,8:19 PM,Step Back Jump shot,Made Shot,49,Shot Chart Detail,89,156,6,1626157,Karl-Anthony Towns,30,1,17,1,2PT Field Goal,Right Side Center(RC),Mid-Range,16-24 ft.,1610612750,Minnesota Timberwolves
19,42,2,50,0021501226,Dieng BLOCK (1 BLK),,6:10,1,5.0,0,4,201967,Dante Cunningham,NOP,New Orleans,1610612740.0,Pelicans,0,,,,,,203476,Gorgui Dieng,MIN,Minnesota,1610612750.0,Timberwolves,,,MISS Cunningham 2' Driving Layup,8:19 PM,Driving Layup Shot,Missed Shot,50,Shot Chart Detail,15,16,6,201967,Dante Cunningham,10,1,2,0,2PT Field Goal,Center(C),Restricted Area,Less Than 8 ft.,1610612740,New Orleans Pelicans
20,1,1,54,0021501226,Towns 26' 3PT Jump Shot (8 PTS) (Rubio 5 AST),,5:55,1,4.0,4,0,1626157,Karl-Anthony Towns,MIN,Minnesota,1610612750.0,Timberwolves,201937,Ricky Rubio,MIN,Minnesota,1610612750.0,Timberwolves,0,,,,,,13 - 16,3,,8:20 PM,Jump Shot,Made Shot,54,Shot Chart Detail,-166,195,5,1626157,Karl-Anthony Towns,55,1,25,1,3PT Field Goal,Left Side Center(LC),Above the Break 3,24+ ft.,1610612750,Minnesota Timberwolves
21,42,2,55,0021501226,LaVine BLOCK (1 BLK),,5:39,1,5.0,0,4,203516,James Ennis,NOP,New Orleans,1610612740.0,Pelicans,0,,,,,,203897,Zach LaVine,MIN,Minnesota,1610612750.0,Timberwolves,,,MISS Ennis 3' Driving Layup,8:20 PM,Driving Layup Shot,Missed Shot,55,Shot Chart Detail,-30,16,5,203516,James Ennis,39,1,3,0,2PT Field Goal,Center(C),Restricted Area,Less Than 8 ft.,1610612740,New Orleans Pelicans
22,1,2,61,0021501226,,,5:34,1,5.0,0,0,2570,Kendrick Perkins,NOP,New Orleans,1610612740.0,Pelicans,0,,,,,,0,,,,,,,,MISS Perkins 17' Jump Shot,8:23 PM,Jump Shot,Missed Shot,61,Shot Chart Detail,-61,154,5,2570,Kendrick Perkins,34,1,16,0,2PT Field Goal,Left Side Center(LC),Mid-Range,16-24 ft.,1610612740,New Orleans Pelicans
23,1,2,71,0021501226,MISS Towns 25' 3PT Jump Shot,,4:59,1,4.0,0,0,1626157,Karl-Anthony Towns,MIN,Minnesota,1610612750.0,Timberwolves,0,,,,,,0,,,,,,,,,8:24 PM,Jump Shot,Missed Shot,71,Shot Chart Detail,-2,247,4,1626157,Karl-Anthony Towns,59,1,24,0,3PT Field Goal,Center(C),Above the Break 3,24+ ft.,1610612750,Minnesota Timberwolves
24,3,1,74,0021501226,Towns 7' Hook Shot (10 PTS) (Rubio 6 AST),,4:45,1,4.0,4,0,1626157,Karl-Anthony Towns,MIN,Minnesota,1610612750.0,Timberwolves,201937,Ricky Rubio,MIN,Minnesota,1610612750.0,Timberwolves,0,,,,,,13 - 19,6,,8:25 PM,Hook Shot,Made Shot,74,Shot Chart Detail,-68,28,4,1626157,Karl-Anthony Towns,45,1,7,1,2PT Field Goal,Center(C),In The Paint (Non-RA),Less Than 8 ft.,1610612750,Minnesota Timberwolves
25,1,2,75,0021501226,,,4:32,1,5.0,0,0,2570,Kendrick Perkins,NOP,New Orleans,1610612740.0,Pelicans,0,,,,,,0,,,,,,,,MISS Perkins 18' Jump Shot,8:25 PM,Jump Shot,Missed Shot,75,Shot Chart Detail,143,105,4,2570,Kendrick Perkins,32,1,17,0,2PT Field Goal,Right Side Center(RC),Mid-Range,16-24 ft.,1610612740,New Orleans Pelicans
26,42,1,77,0021501226,Towns 2' Driving Layup (12 PTS),,4:17,1,4.0,0,0,1626157,Karl-Anthony Towns,MIN,Minnesota,1610612750.0,Timberwolves,0,,,,,,0,,,,,,13 - 21,8,,8:25 PM,Driving Layup Shot,Made Shot,77,Shot Chart Detail,-17,7,4,1626157,Karl-Anthony Towns,17,1,1,1,2PT Field Goal,Center(C),Restricted Area,Less Than 8 ft.,1610612750,Minnesota Timberwolves
27,1,2,83,0021501226,MISS Wiggins 25' 3PT Jump Shot,,3:49,1,4.0,0,0,203952,Andrew Wiggins,MIN,Minnesota,1610612750.0,Timberwolves,0,,,,,,0,,,,,,,,,8:26 PM,Jump Shot,Missed Shot,83,Shot Chart Detail,169,183,3,203952,Andrew Wiggins,49,1,24,0,3PT Field Goal,Right Side Center(RC),Above the Break 3,24+ ft.,1610612750,Minnesota Timberwolves
28,0,4,85,0021501226,Dieng REBOUND (Off:1 Def:1),,3:47,1,4.0,0,0,203476,Gorgui Dieng,MIN,Minnesota,1610612750.0,Timberwolves,0,,,,,,0,,,,,,,,,8:26 PM,Tip Layup Shot,Made Shot,84,Shot Chart Detail,-1,16,3,203476,Gorgui Dieng,47,1,1,1,2PT Field Goal,Center(C),Restricted Area,Less Than 8 ft.,1610612750,Minnesota Timberwolves
29,0,4,85,0021501226,Dieng REBOUND (Off:1 Def:1),,3:47,1,4.0,0,0,203476,Gorgui Dieng,MIN,Minnesota,1610612750.0,Timberwolves,0,,,,,,0,,,,,,,,,8:26 PM,Jump Shot,Missed Shot,89,Shot Chart Detail,223,11,3,201967,Dante Cunningham,7,1,22,0,3PT Field Goal,Right Side(R),Right Corner 3,24+ ft.,1610612740,New Orleans Pelicans
30,97,1,84,0021501226,Dieng 2' Tip Layup Shot (8 PTS),,3:47,1,4.0,0,0,203476,Gorgui Dieng,MIN,Minnesota,1610612750.0,Timberwolves,0,,,,,,0,,,,,,15 - 23,8,,8:26 PM,Tip Layup Shot,Made Shot,84,Shot Chart Detail,-1,16,3,203476,Gorgui Dieng,47,1,1,1,2PT Field Goal,Center(C),Restricted Area,Less Than 8 ft.,1610612750,Minnesota Timberwolves
31,97,1,84,0021501226,Dieng 2' Tip Layup Shot (8 PTS),,3:47,1,4.0,0,0,203476,Gorgui Dieng,MIN,Minnesota,1610612750.0,Timberwolves,0,,,,,,0,,,,,,15 - 23,8,,8:26 PM,Jump Shot,Missed Shot,89,Shot Chart Detail,223,11,3,201967,Dante Cunningham,7,1,22,0,3PT Field Goal,Right Side(R),Right Corner 3,24+ ft.,1610612740,New Orleans Pelicans
32,98,2,86,0021501226,Dieng BLOCK (2 BLK),,3:34,1,5.0,0,4,202706,Jordan Hamilton,NOP,New Orleans,1610612740.0,Pelicans,0,,,,,,203476,Gorgui Dieng,MIN,Minnesota,1610612750.0,Timberwolves,,,MISS Hamilton 2' Cutting Layup Shot,8:27 PM,Cutting Layup Shot,Missed Shot,86,Shot Chart Detail,17,16,3,202706,Jordan Hamilton,34,1,2,0,2PT Field Goal,Center(C),Restricted Area,Less Than 8 ft.,1610612740,New Orleans Pelicans
33,1,1,88,0021501226,LaVine 24' 3PT Jump Shot (3 PTS) (Rubio 7 AST),,3:24,1,4.0,4,0,203897,Zach LaVine,MIN,Minnesota,1610612750.0,Timberwolves,201937,Ricky Rubio,MIN,Minnesota,1610612750.0,Timberwolves,0,,,,,,15 - 26,11,,8:27 PM,Jump Shot,Made Shot,88,Shot Chart Detail,-161,183,3,203897,Zach LaVine,24,1,24,1,3PT Field Goal,Left Side Center(LC),Above the Break 3,24+ ft.,1610612750,Minnesota Timberwolves
34,76,1,92,0021501226,Towns 1' Running Finger Roll Layup (14 PTS),,2:54,1,4.0,0,0,1626157,Karl-Anthony Towns,MIN,Minnesota,1610612750.0,Timberwolves,0,,,,,,0,,,,,,15 - 28,13,,8:27 PM,Running Finger Roll Layup Shot,Made Shot,92,Shot Chart Detail,-1,8,2,1626157,Karl-Anthony Towns,54,1,0,1,2PT Field Goal,Center(C),Restricted Area,Less Than 8 ft.,1610612750,Minnesota Timberwolves
35,79,2,93,0021501226,,,2:46,1,5.0,0,0,204025,Tim Frazier,NOP,New Orleans,1610612740.0,Pelicans,0,,,,,,0,,,,,,,,MISS Frazier 24' 3PT Pullup Jump Shot,8:27 PM,Pullup Jump shot,Missed Shot,93,Shot Chart Detail,0,242,2,204025,Tim Frazier,46,1,24,0,3PT Field Goal,Center(C),Above the Break 3,24+ ft.,1610612740,New Orleans Pelicans
36,63,1,95,0021501226,Wiggins 5' Fadeaway Jumper (3 PTS) (LaVine 2 AST),,2:30,1,4.0,4,0,203952,Andrew Wiggins,MIN,Minnesota,1610612750.0,Timberwolves,203897,Zach LaVine,MIN,Minnesota,1610612750.0,Timberwolves,0,,,,,,15 - 30,15,,8:28 PM,Fadeaway Jump Shot,Made Shot,95,Shot Chart Detail,28,36,2,203952,Andrew Wiggins,30,1,4,1,2PT Field Goal,Center(C),In The Paint (Non-RA),Less Than 8 ft.,1610612750,Minnesota Timberwolves
37,47,1,104,0021501226,Muhammad 10' Turnaround Jump Shot (2 PTS),,1:52,1,4.0,0,0,203498,Shabazz Muhammad,MIN,Minnesota,1610612750.0,Timberwolves,0,,,,,,0,,,,,,15 - 32,17,,8:31 PM,Turnaround Jump Shot,Made Shot,104,Shot Chart Detail,-43,90,1,203498,Shabazz Muhammad,52,1,9,1,2PT Field Goal,Center(C),In The Paint (Non-RA),8-16 ft.,1610612750,Minnesota Timberwolves
38,79,2,105,0021501226,Towns BLOCK (2 BLK),,1:41,1,5.0,0,4,204025,Tim Frazier,NOP,New Orleans,1610612740.0,Pelicans,0,,,,,,1626157,Karl-Anthony Towns,MIN,Minnesota,1610612750.0,Timberwolves,,,MISS Frazier 16' Pullup Jump Shot,8:32 PM,Pullup Jump shot,Missed Shot,105,Shot Chart Detail,-9,160,1,204025,Tim Frazier,41,1,16,0,2PT Field Goal,Center(C),Mid-Range,16-24 ft.,1610612740,New Orleans Pelicans
39,47,1,109,0021501226,Wiggins 6' Turnaround Jump Shot (5 PTS),,1:20,1,4.0,0,0,203952,Andrew Wiggins,MIN,Minnesota,1610612750.0,Timberwolves,0,,,,,,0,,,,,,15 - 34,19,,8:32 PM,Turnaround Jump Shot,Made Shot,109,Shot Chart Detail,-7,62,1,203952,Andrew Wiggins,20,1,6,1,2PT Field Goal,Center(C),In The Paint (Non-RA),Less Than 8 ft.,1610612750,Minnesota Timberwolves
40,5,1,112,0021501226,Bjelica  Layup (2 PTS) (Dieng 1 AST),,0:56,1,4.0,4,0,202357,Nemanja Bjelica,MIN,Minnesota,1610612750.0,Timberwolves,203476,Gorgui Dieng,MIN,Minnesota,1610612750.0,Timberwolves,0,,,,,,15 - 36,21,,8:33 PM,Layup Shot,Made Shot,112,Shot Chart Detail,-1,2,0,202357,Nemanja Bjelica,56,1,0,1,2PT Field Goal,Center(C),Restricted Area,Less Than 8 ft.,1610612750,Minnesota Timberwolves
41,98,1,113,0021501226,,,0:49,1,5.0,5,0,201967,Dante Cunningham,NOP,New Orleans,1610612740.0,Pelicans,204025,Tim Frazier,NOP,New Orleans,1610612740.0,Pelicans,0,,,,,,17 - 36,19,Cunningham  Cutting Layup Shot (4 PTS) (Frazier 1 AST),8:33 PM,Cutting Layup Shot,Made Shot,113,Shot Chart Detail,0,3,0,201967,Dante Cunningham,49,1,0,1,2PT Field Goal,Center(C),Restricted Area,Less Than 8 ft.,1610612740,New Orleans Pelicans
42,1,1,119,0021501226,,,0:30,1,5.0,0,0,203516,James Ennis,NOP,New Orleans,1610612740.0,Pelicans,0,,,,,,0,,,,,,20 - 37,17,Ennis 27' 3PT Jump Shot (8 PTS),8:34 PM,Jump Shot,Made Shot,119,Shot Chart Detail,-165,218,0,203516,James Ennis,30,1,27,1,3PT Field Goal,Left Side Center(LC),Above the Break 3,24+ ft.,1610612740,New Orleans Pelicans
43,1,1,119,0021501226,,,0:30,1,5.0,0,0,203516,James Ennis,NOP,New Orleans,1610612740.0,Pelicans,0,,,,,,0,,,,,,20 - 37,17,Ennis 27' 3PT Jump Shot (8 PTS),8:34 PM,Jump Shot,Missed Shot,122,Shot Chart Detail,-163,565,0,203498,Shabazz Muhammad,0,1,58,0,3PT Field Goal,Back Court(BC),Backcourt,Back Court Shot,1610612750,Minnesota Timberwolves
44,1,1,120,0021501226,Muhammad 25' 3PT Jump Shot (5 PTS) (Jones 1 AST),,0:12,1,4.0,4,0,203498,Shabazz Muhammad,MIN,Minnesota,1610612750.0,Timberwolves,1626145,Tyus Jones,MIN,Minnesota,1610612750.0,Timberwolves,0,,,,,,20 - 40,20,,8:34 PM,Jump Shot,Made Shot,120,Shot Chart Detail,-166,188,0,203498,Shabazz Muhammad,12,1,25,1,3PT Field Goal,Left Side Center(LC),Above the Break 3,24+ ft.,1610612750,Minnesota Timberwolves
45,1,5,127,0021501226,Bjelica STEAL (1 STL),,11:47,2,5.0,4,0,2570,Kendrick Perkins,NOP,New Orleans,1610612740.0,Pelicans,202357,Nemanja Bjelica,MIN,Minnesota,1610612750.0,Timberwolves,0,,,,,,,,Perkins Bad Pass Turnover (P4.T5),8:37 PM,Jump Shot,Missed Shot,135,Shot Chart Detail,-145,178,11,201962,Toney Douglas,4,1,22,0,2PT Field Goal,Left Side Center(LC),Mid-Range,16-24 ft.,1610612740,New Orleans Pelicans
46,79,2,129,0021501226,,,11:34,2,5.0,0,0,204025,Tim Frazier,NOP,New Orleans,1610612740.0,Pelicans,0,,,,,,0,,,,,,,,MISS Frazier 12' Pullup Jump Shot,8:38 PM,Pullup Jump shot,Missed Shot,129,Shot Chart Detail,-79,85,11,204025,Tim Frazier,34,1,11,0,2PT Field Goal,Left Side(L),In The Paint (Non-RA),8-16 ft.,1610612740,New Orleans Pelicans
47,1,2,131,0021501226,,,11:27,2,5.0,0,0,202706,Jordan Hamilton,NOP,New Orleans,1610612740.0,Pelicans,0,,,,,,0,,,,,,,,MISS Hamilton 24' 3PT Jump Shot,8:38 PM,Jump Shot,Missed Shot,131,Shot Chart Detail,81,228,11,202706,Jordan Hamilton,27,1,24,0,3PT Field Goal,Right Side Center(RC),Above the Break 3,24+ ft.,1610612740,New Orleans Pelicans
48,50,1,134,0021501226,Muhammad  Running Dunk (7 PTS) (LaVine 3 AST),,11:19,2,4.0,4,0,203498,Shabazz Muhammad,MIN,Minnesota,1610612750.0,Timberwolves,203897,Zach LaVine,MIN,Minnesota,1610612750.0,Timberwolves,0,,,,,,23 - 42,19,,8:38 PM,Running Dunk Shot,Made Shot,134,Shot Chart Detail,0,1,11,203498,Shabazz Muhammad,19,1,0,1,2PT Field Goal,Center(C),Restricted Area,Less Than 8 ft.,1610612750,Minnesota Timberwolves
49,1,1,138,0021501226,LaVine  3PT Jump Shot (6 PTS) (Jones 2 AST),,10:47,2,4.0,4,0,203897,Zach LaVine,MIN,Minnesota,1610612750.0,Timberwolves,1626145,Tyus Jones,MIN,Minnesota,1610612750.0,Timberwolves,0,,,,,,23 - 45,22,,8:39 PM,Jump Shot,Made Shot,138,Shot Chart Detail,-230,26,10,203897,Zach LaVine,47,1,23,1,3PT Field Goal,Left Side(L),Left Corner 3,24+ ft.,1610612750,Minnesota Timberwolves
50,5,1,139,0021501226,,,10:34,2,5.0,5,0,201600,Omer Asik,NOP,New Orleans,1610612740.0,Pelicans,204025,Tim Frazier,NOP,New Orleans,1610612740.0,Pelicans,0,,,,,,25 - 45,20,Asik 1' Layup (6 PTS) (Frazier 2 AST),8:39 PM,Layup Shot,Made Shot,139,Shot Chart Detail,-11,2,10,201600,Omer Asik,34,1,1,1,2PT Field Goal,Center(C),Restricted Area,Less Than 8 ft.,1610612740,New Orleans Pelicans
51,2,6,140,0021501226,Dieng S.FOUL (P1.T1) (K.Scott),,10:34,2,4.0,5,1,203476,Gorgui Dieng,MIN,Minnesota,1610612750.0,Timberwolves,201600,Omer Asik,NOP,New Orleans,1610612740.0,Pelicans,0,,,,,,,,,8:39 PM,Layup Shot,Made Shot,139,Shot Chart Detail,-11,2,10,201600,Omer Asik,34,1,1,1,2PT Field Goal,Center(C),Restricted Area,Less Than 8 ft.,1610612740,New Orleans Pelicans
52,10,3,141,0021501226,,,10:34,2,5.0,0,0,201600,Omer Asik,NOP,New Orleans,1610612740.0,Pelicans,0,,,,,,0,,,,,,26 - 45,19,Asik Free Throw 1 of 1 (7 PTS),8:39 PM,Layup Shot,Made Shot,139,Shot Chart Detail,-11,2,10,201600,Omer Asik,34,1,1,1,2PT Field Goal,Center(C),Restricted Area,Less Than 8 ft.,1610612740,New Orleans Pelicans
53,1,1,143,0021501226,Bjelica  3PT Jump Shot (5 PTS) (Muhammad 1 AST),,10:16,2,4.0,4,0,202357,Nemanja Bjelica,MIN,Minnesota,1610612750.0,Timberwolves,203498,Shabazz Muhammad,MIN,Minnesota,1610612750.0,Timberwolves,0,,,,,,26 - 48,22,,8:40 PM,Jump Shot,Made Shot,143,Shot Chart Detail,227,11,10,202357,Nemanja Bjelica,16,1,22,1,3PT Field Goal,Right Side(R),Right Corner 3,24+ ft.,1610612750,Minnesota Timberwolves
54,1,2,148,0021501226,,,9:43,2,5.0,0,0,201962,Toney Douglas,NOP,New Orleans,1610612740.0,Pelicans,0,,,,,,0,,,,,,,,MISS Douglas 8' Jump Shot,8:41 PM,Jump Shot,Missed Shot,148,Shot Chart Detail,78,18,9,201962,Toney Douglas,43,1,8,0,2PT Field Goal,Right Side(R),In The Paint (Non-RA),8-16 ft.,1610612740,New Orleans Pelicans
55,46,1,153,0021501226,LaVine 1' Running Jump Shot (8 PTS) (Bjelica 1 AST),,9:18,2,4.0,4,0,203897,Zach LaVine,MIN,Minnesota,1610612750.0,Timberwolves,202357,Nemanja Bjelica,MIN,Minnesota,1610612750.0,Timberwolves,0,,,,,,26 - 50,24,,8:42 PM,Running Jump Shot,Made Shot,153,Shot Chart Detail,-2,11,9,203897,Zach LaVine,18,1,1,1,2PT Field Goal,Center(C),Restricted Area,Less Than 8 ft.,1610612750,Minnesota Timberwolves
56,1,2,156,0021501226,,,8:49,2,5.0,0,0,204025,Tim Frazier,NOP,New Orleans,1610612740.0,Pelicans,0,,,,,,0,,,,,,,,MISS Frazier 4' Jump Shot,8:42 PM,Jump Shot,Missed Shot,156,Shot Chart Detail,35,16,8,204025,Tim Frazier,49,1,3,0,2PT Field Goal,Center(C),Restricted Area,Less Than 8 ft.,1610612740,New Orleans Pelicans
57,72,1,158,0021501226,,,8:47,2,5.0,0,0,201600,Omer Asik,NOP,New Orleans,1610612740.0,Pelicans,0,,,,,,0,,,,,,30 - 52,22,Asik  Putback Layup (9 PTS),8:42 PM,Putback Layup Shot,Made Shot,158,Shot Chart Detail,-2,2,8,201600,Omer Asik,47,1,0,1,2PT Field Goal,Center(C),Restricted Area,Less Than 8 ft.,1610612740,New Orleans Pelicans
58,1,1,159,0021501226,Bjelica 24' 3PT Jump Shot (8 PTS),,8:29,2,4.0,0,0,202357,Nemanja Bjelica,MIN,Minnesota,1610612750.0,Timberwolves,0,,,,,,0,,,,,,30 - 55,25,,8:42 PM,Jump Shot,Made Shot,159,Shot Chart Detail,99,223,8,202357,Nemanja Bjelica,29,1,24,1,3PT Field Goal,Right Side Center(RC),Above the Break 3,24+ ft.,1610612750,Minnesota Timberwolves
59,1,2,162,0021501226,,,7:52,2,5.0,0,0,2570,Kendrick Perkins,NOP,New Orleans,1610612740.0,Pelicans,0,,,,,,0,,,,,,,,MISS Perkins 20' Jump Shot,8:43 PM,Jump Shot,Missed Shot,162,Shot Chart Detail,-25,203,7,2570,Kendrick Perkins,52,1,20,0,2PT Field Goal,Center(C),Mid-Range,16-24 ft.,1610612740,New Orleans Pelicans
60,1,2,164,0021501226,MISS Bjelica 24' 3PT Jump Shot,,7:41,2,4.0,0,0,202357,Nemanja Bjelica,MIN,Minnesota,1610612750.0,Timberwolves,0,,,,,,0,,,,,,,,,8:43 PM,Jump Shot,Missed Shot,164,Shot Chart Detail,96,223,7,202357,Nemanja Bjelica,41,1,24,0,3PT Field Goal,Right Side Center(RC),Above the Break 3,24+ ft.,1610612750,Minnesota Timberwolves
61,42,2,169,0021501226,,,7:27,2,5.0,0,0,203516,James Ennis,NOP,New Orleans,1610612740.0,Pelicans,0,,,,,,0,,,,,,,,MISS Ennis 1' Driving Layup,8:46 PM,Driving Layup Shot,Missed Shot,169,Shot Chart Detail,-6,0,7,203516,James Ennis,27,1,0,0,2PT Field Goal,Center(C),Restricted Area,Less Than 8 ft.,1610612740,New Orleans Pelicans
62,108,1,173,0021501226,,,6:59,2,5.0,5,0,203516,James Ennis,NOP,New Orleans,1610612740.0,Pelicans,204025,Tim Frazier,NOP,New Orleans,1610612740.0,Pelicans,0,,,,,,32 - 57,25,Ennis  Cutting Dunk Shot (10 PTS) (Frazier 3 AST),8:47 PM,Cutting Dunk Shot,Made Shot,173,Shot Chart Detail,0,1,6,203516,James Ennis,59,1,0,1,2PT Field Goal,Center(C),Restricted Area,Less Than 8 ft.,1610612740,New Orleans Pelicans
63,75,1,174,0021501226,Towns 1' Driving Finger Roll Layup (16 PTS),,6:44,2,4.0,0,0,1626157,Karl-Anthony Towns,MIN,Minnesota,1610612750.0,Timberwolves,0,,,,,,0,,,,,,32 - 59,27,,8:47 PM,Driving Finger Roll Layup Shot,Made Shot,174,Shot Chart Detail,-9,11,6,1626157,Karl-Anthony Towns,44,1,1,1,2PT Field Goal,Center(C),Restricted Area,Less Than 8 ft.,1610612750,Minnesota Timberwolves
64,98,1,180,0021501226,Towns 1' Cutting Layup Shot (18 PTS) (Jones 4 AST),,6:27,2,4.0,4,0,1626157,Karl-Anthony Towns,MIN,Minnesota,1610612750.0,Timberwolves,1626145,Tyus Jones,MIN,Minnesota,1610612750.0,Timberwolves,0,,,,,,33 - 61,28,,8:48 PM,Cutting Layup Shot,Made Shot,180,Shot Chart Detail,-1,13,6,1626157,Karl-Anthony Towns,27,1,1,1,2PT Field Goal,Center(C),Restricted Area,Less Than 8 ft.,1610612750,Minnesota Timberwolves
65,1,2,186,0021501226,,,5:45,2,5.0,0,0,203516,James Ennis,NOP,New Orleans,1610612740.0,Pelicans,0,,,,,,0,,,,,,,,MISS Ennis 26' 3PT Jump Shot,8:51 PM,Jump Shot,Missed Shot,186,Shot Chart Detail,-173,200,5,203516,James Ennis,45,1,26,0,3PT Field Goal,Left Side Center(LC),Above the Break 3,24+ ft.,1610612740,New Orleans Pelicans
66,5,1,188,0021501226,Bjelica 1' Layup (10 PTS) (Towns 1 AST),,5:26,2,4.0,4,0,202357,Nemanja Bjelica,MIN,Minnesota,1610612750.0,Timberwolves,1626157,Karl-Anthony Towns,MIN,Minnesota,1610612750.0,Timberwolves,0,,,,,,33 - 63,30,,8:51 PM,Layup Shot,Made Shot,188,Shot Chart Detail,-9,8,5,202357,Nemanja Bjelica,26,1,1,1,2PT Field Goal,Center(C),Restricted Area,Less Than 8 ft.,1610612750,Minnesota Timberwolves
67,44,1,189,0021501226,,,5:12,2,5.0,5,0,201600,Omer Asik,NOP,New Orleans,1610612740.0,Pelicans,204025,Tim Frazier,NOP,New Orleans,1610612740.0,Pelicans,0,,,,,,35 - 63,28,Asik 1' Reverse Layup (11 PTS) (Frazier 4 AST),8:51 PM,Reverse Layup Shot,Made Shot,189,Shot Chart Detail,1,7,5,201600,Omer Asik,12,1,0,1,2PT Field Goal,Center(C),Restricted Area,Less Than 8 ft.,1610612740,New Orleans Pelicans
68,71,2,190,0021501226,MISS Wiggins 3' Finger Roll Layup,,4:53,2,4.0,0,0,203952,Andrew Wiggins,MIN,Minnesota,1610612750.0,Timberwolves,0,,,,,,0,,,,,,,,,8:52 PM,Finger Roll Layup Shot,Missed Shot,190,Shot Chart Detail,-24,7,4,203952,Andrew Wiggins,53,1,2,0,2PT Field Goal,Center(C),Restricted Area,Less Than 8 ft.,1610612750,Minnesota Timberwolves
69,98,1,192,0021501226,,,4:41,2,5.0,5,0,201600,Omer Asik,NOP,New Orleans,1610612740.0,Pelicans,204025,Tim Frazier,NOP,New Orleans,1610612740.0,Pelicans,0,,,,,,37 - 63,26,Asik 1' Cutting Layup Shot (13 PTS) (Frazier 5 AST),8:52 PM,Cutting Layup Shot,Made Shot,192,Shot Chart Detail,-4,11,4,201600,Omer Asik,41,1,1,1,2PT Field Goal,Center(C),Restricted Area,Less Than 8 ft.,1610612740,New Orleans Pelicans
70,1,2,193,0021501226,MISS LaVine  3PT Jump Shot,,4:18,2,4.0,0,0,203897,Zach LaVine,MIN,Minnesota,1610612750.0,Timberwolves,0,,,,,,0,,,,,,,,,8:52 PM,Jump Shot,Missed Shot,193,Shot Chart Detail,227,3,4,203897,Zach LaVine,18,1,22,0,3PT Field Goal,Right Side(R),Right Corner 3,24+ ft.,1610612750,Minnesota Timberwolves
71,1,2,196,0021501226,MISS Jones 18' Jump Shot,,3:51,2,4.0,0,0,1626145,Tyus Jones,MIN,Minnesota,1610612750.0,Timberwolves,0,,,,,,0,,,,,,,,,8:53 PM,Jump Shot,Missed Shot,196,Shot Chart Detail,-94,159,3,1626145,Tyus Jones,51,1,18,0,2PT Field Goal,Left Side Center(LC),Mid-Range,16-24 ft.,1610612750,Minnesota Timberwolves
72,98,1,198,0021501226,,,3:37,2,5.0,5,0,201600,Omer Asik,NOP,New Orleans,1610612740.0,Pelicans,204025,Tim Frazier,NOP,New Orleans,1610612740.0,Pelicans,0,,,,,,41 - 63,22,Asik 1' Cutting Layup Shot (17 PTS) (Frazier 7 AST),8:53 PM,Cutting Layup Shot,Made Shot,198,Shot Chart Detail,-7,-1,3,201600,Omer Asik,37,1,0,1,2PT Field Goal,Center(C),Restricted Area,Less Than 8 ft.,1610612740,New Orleans Pelicans
73,45,2,206,0021501226,MISS Wiggins 18' Jump Shot,,3:24,2,4.0,0,0,203952,Andrew Wiggins,MIN,Minnesota,1610612750.0,Timberwolves,0,,,,,,0,,,,,,,,,8:53 PM,Jump Shot,Missed Shot,206,Shot Chart Detail,-15,177,3,203952,Andrew Wiggins,24,1,17,0,2PT Field Goal,Center(C),Mid-Range,16-24 ft.,1610612750,Minnesota Timberwolves
74,45,2,206,0021501226,MISS Wiggins 18' Jump Shot,,3:24,2,4.0,0,0,203952,Andrew Wiggins,MIN,Minnesota,1610612750.0,Timberwolves,0,,,,,,0,,,,,,,,,8:53 PM,Reverse Layup Shot,Made Shot,203,Shot Chart Detail,-37,4,3,201600,Omer Asik,2,1,3,1,2PT Field Goal,Center(C),Restricted Area,Less Than 8 ft.,1610612740,New Orleans Pelicans
75,79,2,208,0021501226,,,2:33,2,5.0,0,0,204025,Tim Frazier,NOP,New Orleans,1610612740.0,Pelicans,0,,,,,,0,,,,,,,,MISS Frazier 19' Pullup Jump Shot,8:57 PM,Pullup Jump shot,Missed Shot,208,Shot Chart Detail,-52,183,2,204025,Tim Frazier,33,1,19,0,2PT Field Goal,Center(C),Mid-Range,16-24 ft.,1610612740,New Orleans Pelicans
76,1,2,210,0021501226,MISS Wiggins 21' Jump Shot,,2:19,2,4.0,0,0,203952,Andrew Wiggins,MIN,Minnesota,1610612750.0,Timberwolves,0,,,,,,0,,,,,,,,,8:58 PM,Jump Shot,Missed Shot,210,Shot Chart Detail,-73,195,2,203952,Andrew Wiggins,19,1,20,0,2PT Field Goal,Left Side Center(LC),Mid-Range,16-24 ft.,1610612750,Minnesota Timberwolves
77,1,2,224,0021501226,MISS Rubio 17' Jump Shot,,1:26,2,4.0,0,0,201937,Ricky Rubio,MIN,Minnesota,1610612750.0,Timberwolves,0,,,,,,0,,,,,,,,,9:00 PM,Jump Shot,Missed Shot,224,Shot Chart Detail,-124,120,1,201937,Ricky Rubio,26,1,17,0,2PT Field Goal,Left Side Center(LC),Mid-Range,16-24 ft.,1610612750,Minnesota Timberwolves
78,0,4,226,0021501226,Wiggins REBOUND (Off:1 Def:1),,1:25,2,4.0,0,0,203952,Andrew Wiggins,MIN,Minnesota,1610612750.0,Timberwolves,0,,,,,,0,,,,,,,,,9:00 PM,Tip Layup Shot,Made Shot,225,Shot Chart Detail,0,11,1,203952,Andrew Wiggins,25,1,1,1,2PT Field Goal,Center(C),Restricted Area,Less Than 8 ft.,1610612750,Minnesota Timberwolves
79,97,1,225,0021501226,Wiggins 1' Tip Layup Shot (7 PTS),,1:25,2,4.0,0,0,203952,Andrew Wiggins,MIN,Minnesota,1610612750.0,Timberwolves,0,,,,,,0,,,,,,45 - 67,22,,9:00 PM,Tip Layup Shot,Made Shot,225,Shot Chart Detail,0,11,1,203952,Andrew Wiggins,25,1,1,1,2PT Field Goal,Center(C),Restricted Area,Less Than 8 ft.,1610612750,Minnesota Timberwolves
80,98,1,241,0021501226,,,0:35,2,5.0,5,0,201967,Dante Cunningham,NOP,New Orleans,1610612740.0,Pelicans,201962,Toney Douglas,NOP,New Orleans,1610612740.0,Pelicans,0,,,,,,50 - 70,20,Cunningham 1' Cutting Layup Shot (10 PTS) (Douglas 5 AST),9:02 PM,Cutting Layup Shot,Made Shot,241,Shot Chart Detail,-2,11,0,201967,Dante Cunningham,35,1,1,1,2PT Field Goal,Center(C),Restricted Area,Less Than 8 ft.,1610612740,New Orleans Pelicans
81,49,1,242,0021501226,Dieng  Driving Dunk (10 PTS) (Rubio 8 AST),,0:24,2,4.0,4,0,203476,Gorgui Dieng,MIN,Minnesota,1610612750.0,Timberwolves,201937,Ricky Rubio,MIN,Minnesota,1610612750.0,Timberwolves,0,,,,,,50 - 72,22,,9:03 PM,Driving Dunk Shot,Made Shot,242,Shot Chart Detail,0,1,0,203476,Gorgui Dieng,24,1,0,1,2PT Field Goal,Center(C),Restricted Area,Less Than 8 ft.,1610612750,Minnesota Timberwolves
82,1,2,249,0021501226,,,11:42,3,5.0,0,0,203516,James Ennis,NOP,New Orleans,1610612740.0,Pelicans,0,,,,,,0,,,,,,,,MISS Ennis 21' Jump Shot,9:20 PM,Jump Shot,Missed Shot,249,Shot Chart Detail,-125,165,11,203516,James Ennis,42,1,20,0,2PT Field Goal,Left Side Center(LC),Mid-Range,16-24 ft.,1610612740,New Orleans Pelicans
83,79,1,251,0021501226,Wiggins 12' Pullup Jump Shot (10 PTS) (Towns 2 AST),,11:28,3,4.0,4,0,203952,Andrew Wiggins,MIN,Minnesota,1610612750.0,Timberwolves,1626157,Karl-Anthony Towns,MIN,Minnesota,1610612750.0,Timberwolves,0,,,,,,50 - 74,24,,9:20 PM,Pullup Jump shot,Made Shot,251,Shot Chart Detail,53,111,11,203952,Andrew Wiggins,28,1,12,1,2PT Field Goal,Center(C),In The Paint (Non-RA),8-16 ft.,1610612750,Minnesota Timberwolves
84,79,1,252,0021501226,,,11:13,3,5.0,0,0,202706,Jordan Hamilton,NOP,New Orleans,1610612740.0,Pelicans,0,,,,,,0,,,,,,52 - 74,22,Hamilton 19' Pullup Jump Shot (2 PTS),9:21 PM,Pullup Jump shot,Made Shot,252,Shot Chart Detail,145,129,11,202706,Jordan Hamilton,13,1,19,1,2PT Field Goal,Right Side Center(RC),Mid-Range,16-24 ft.,1610612740,New Orleans Pelicans
85,79,2,253,0021501226,MISS LaVine 24' 3PT Pullup Jump Shot,,10:51,3,4.0,0,0,203897,Zach LaVine,MIN,Minnesota,1610612750.0,Timberwolves,0,,,,,,0,,,,,,,,,9:21 PM,Pullup Jump shot,Missed Shot,253,Shot Chart Detail,71,234,10,203897,Zach LaVine,51,1,24,0,3PT Field Goal,Center(C),Above the Break 3,24+ ft.,1610612750,Minnesota Timberwolves
86,41,1,256,0021501226,LaVine 2' Running Layup (14 PTS),,10:39,3,4.0,0,0,203897,Zach LaVine,MIN,Minnesota,1610612750.0,Timberwolves,0,,,,,,0,,,,,,52 - 76,24,,9:21 PM,Running Layup Shot,Made Shot,256,Shot Chart Detail,12,11,10,203897,Zach LaVine,39,1,1,1,2PT Field Goal,Center(C),Restricted Area,Less Than 8 ft.,1610612750,Minnesota Timberwolves
87,1,2,258,0021501226,,,10:20,3,5.0,0,0,201962,Toney Douglas,NOP,New Orleans,1610612740.0,Pelicans,0,,,,,,0,,,,,,,,MISS Douglas 25' 3PT Jump Shot,9:22 PM,Jump Shot,Missed Shot,258,Shot Chart Detail,-107,229,10,201962,Toney Douglas,20,1,25,0,3PT Field Goal,Left Side Center(LC),Above the Break 3,24+ ft.,1610612740,New Orleans Pelicans
88,1,2,261,0021501226,,,9:47,3,5.0,0,0,202706,Jordan Hamilton,NOP,New Orleans,1610612740.0,Pelicans,0,,,,,,0,,,,,,,,MISS Hamilton 19' Jump Shot,9:22 PM,Jump Shot,Missed Shot,261,Shot Chart Detail,128,134,9,202706,Jordan Hamilton,47,1,18,0,2PT Field Goal,Right Side Center(RC),Mid-Range,16-24 ft.,1610612740,New Orleans Pelicans
89,75,1,266,0021501226,Towns 1' Driving Finger Roll Layup (22 PTS) (Rubio 9 AST),,9:28,3,4.0,4,0,1626157,Karl-Anthony Towns,MIN,Minnesota,1610612750.0,Timberwolves,201937,Ricky Rubio,MIN,Minnesota,1610612750.0,Timberwolves,0,,,,,,52 - 81,29,,9:23 PM,Driving Finger Roll Layup Shot,Made Shot,266,Shot Chart Detail,9,2,9,1626157,Karl-Anthony Towns,28,1,0,1,2PT Field Goal,Center(C),Restricted Area,Less Than 8 ft.,1610612750,Minnesota Timberwolves
90,1,2,268,0021501226,,,9:11,3,5.0,0,0,201967,Dante Cunningham,NOP,New Orleans,1610612740.0,Pelicans,0,,,,,,0,,,,,,,,MISS Cunningham  3PT Jump Shot,9:24 PM,Jump Shot,Missed Shot,268,Shot Chart Detail,-228,21,9,201967,Dante Cunningham,11,1,22,0,3PT Field Goal,Left Side(L),Left Corner 3,24+ ft.,1610612740,New Orleans Pelicans
91,47,2,270,0021501226,MISS LaVine 17' Turnaround Jump Shot,,8:59,3,4.0,0,0,203897,Zach LaVine,MIN,Minnesota,1610612750.0,Timberwolves,0,,,,,,0,,,,,,,,,9:24 PM,Turnaround Jump Shot,Missed Shot,270,Shot Chart Detail,-158,51,8,203897,Zach LaVine,59,1,16,0,2PT Field Goal,Left Side(L),Mid-Range,16-24 ft.,1610612750,Minnesota Timberwolves
92,42,1,272,0021501226,Towns 2' Driving Layup (24 PTS) (Rubio 10 AST),,8:49,3,4.0,4,0,1626157,Karl-Anthony Towns,MIN,Minnesota,1610612750.0,Timberwolves,201937,Ricky Rubio,MIN,Minnesota,1610612750.0,Timberwolves,0,,,,,,52 - 83,31,,9:24 PM,Driving Layup Shot,Made Shot,272,Shot Chart Detail,-17,-1,8,1626157,Karl-Anthony Towns,49,1,1,1,2PT Field Goal,Center(C),Restricted Area,Less Than 8 ft.,1610612750,Minnesota Timberwolves
93,80,1,275,0021501226,,,8:30,3,5.0,0,0,203516,James Ennis,NOP,New Orleans,1610612740.0,Pelicans,0,,,,,,0,,,,,,55 - 83,28,Ennis 24' 3PT Step Back Jump Shot (16 PTS),9:27 PM,Step Back Jump shot,Made Shot,275,Shot Chart Detail,-89,228,8,203516,James Ennis,30,1,24,1,3PT Field Goal,Left Side Center(LC),Above the Break 3,24+ ft.,1610612740,New Orleans Pelicans
94,78,1,276,0021501226,Wiggins 5' Floating Jump Shot (12 PTS) (LaVine 4 AST),,8:12,3,4.0,4,0,203952,Andrew Wiggins,MIN,Minnesota,1610612750.0,Timberwolves,203897,Zach LaVine,MIN,Minnesota,1610612750.0,Timberwolves,0,,,,,,55 - 85,30,,9:27 PM,Floating Jump shot,Made Shot,276,Shot Chart Detail,10,46,8,203952,Andrew Wiggins,12,1,4,1,2PT Field Goal,Center(C),In The Paint (Non-RA),Less Than 8 ft.,1610612750,Minnesota Timberwolves
95,80,2,277,0021501226,,,7:56,3,5.0,0,0,203516,James Ennis,NOP,New Orleans,1610612740.0,Pelicans,0,,,,,,0,,,,,,,,MISS Ennis 25' 3PT Step Back Jump Shot,9:27 PM,Step Back Jump shot,Missed Shot,277,Shot Chart Detail,153,195,7,203516,James Ennis,56,1,24,0,3PT Field Goal,Right Side Center(RC),Above the Break 3,24+ ft.,1610612740,New Orleans Pelicans
96,0,4,279,0021501226,,,7:54,3,5.0,0,0,201962,Toney Douglas,NOP,New Orleans,1610612740.0,Pelicans,0,,,,,,0,,,,,,,,Douglas REBOUND (Off:3 Def:1),9:27 PM,Tip Layup Shot,Missed Shot,278,Shot Chart Detail,0,11,7,201962,Toney Douglas,54,1,1,0,2PT Field Goal,Center(C),Restricted Area,Less Than 8 ft.,1610612740,New Orleans Pelicans
97,97,2,278,0021501226,,,7:54,3,5.0,0,0,201962,Toney Douglas,NOP,New Orleans,1610612740.0,Pelicans,0,,,,,,0,,,,,,,,MISS Douglas 1' Tip Layup Shot,9:27 PM,Tip Layup Shot,Missed Shot,278,Shot Chart Detail,0,11,7,201962,Toney Douglas,54,1,1,0,2PT Field Goal,Center(C),Restricted Area,Less Than 8 ft.,1610612740,New Orleans Pelicans
98,1,1,281,0021501226,Rubio 24' 3PT Jump Shot (7 PTS) (LaVine 5 AST),,7:32,3,4.0,4,0,201937,Ricky Rubio,MIN,Minnesota,1610612750.0,Timberwolves,203897,Zach LaVine,MIN,Minnesota,1610612750.0,Timberwolves,0,,,,,,55 - 88,33,,9:28 PM,Jump Shot,Made Shot,281,Shot Chart Detail,-84,228,7,201937,Ricky Rubio,32,1,24,1,3PT Field Goal,Left Side Center(LC),Above the Break 3,24+ ft.,1610612750,Minnesota Timberwolves
99,1,2,282,0021501226,,,7:10,3,5.0,0,0,201962,Toney Douglas,NOP,New Orleans,1610612740.0,Pelicans,0,,,,,,0,,,,,,,,MISS Douglas 25' 3PT Jump Shot,9:28 PM,Jump Shot,Missed Shot,282,Shot Chart Detail,148,203,7,201962,Toney Douglas,10,1,25,0,3PT Field Goal,Right Side Center(RC),Above the Break 3,24+ ft.,1610612740,New Orleans Pelicans
100,98,1,289,0021501226,,,6:52,3,5.0,5,0,201962,Toney Douglas,NOP,New Orleans,1610612740.0,Pelicans,201600,Omer Asik,NOP,New Orleans,1610612740.0,Pelicans,0,,,,,,57 - 90,33,Douglas 2' Cutting Layup Shot (6 PTS) (Asik 1 AST),9:29 PM,Cutting Layup Shot,Made Shot,289,Shot Chart Detail,-20,0,6,201962,Toney Douglas,52,1,2,1,2PT Field Goal,Center(C),Restricted Area,Less Than 8 ft.,1610612740,New Orleans Pelicans
101,71,1,290,0021501226,Wiggins 1' Finger Roll Layup (14 PTS) (Towns 3 AST),,6:26,3,4.0,4,0,203952,Andrew Wiggins,MIN,Minnesota,1610612750.0,Timberwolves,1626157,Karl-Anthony Towns,MIN,Minnesota,1610612750.0,Timberwolves,0,,,,,,57 - 92,35,,9:30 PM,Finger Roll Layup Shot,Made Shot,290,Shot Chart Detail,-7,-1,6,203952,Andrew Wiggins,26,1,0,1,2PT Field Goal,Center(C),Restricted Area,Less Than 8 ft.,1610612750,Minnesota Timberwolves
102,5,2,299,0021501226,MISS Towns  Layup,,5:49,3,4.0,0,0,1626157,Karl-Anthony Towns,MIN,Minnesota,1610612750.0,Timberwolves,0,,,,,,0,,,,,,,,,9:31 PM,Layup Shot,Missed Shot,299,Shot Chart Detail,2,2,5,1626157,Karl-Anthony Towns,49,1,0,0,2PT Field Goal,Center(C),Restricted Area,Less Than 8 ft.,1610612750,Minnesota Timberwolves
103,0,4,300,0021501226,Dieng REBOUND (Off:3 Def:3),,5:48,3,4.0,0,0,203476,Gorgui Dieng,MIN,Minnesota,1610612750.0,Timberwolves,0,,,,,,0,,,,,,,,,9:31 PM,Driving Reverse Layup Shot,Missed Shot,311,Shot Chart Detail,4,3,5,203897,Zach LaVine,8,1,0,0,2PT Field Goal,Center(C),Restricted Area,Less Than 8 ft.,1610612750,Minnesota Timberwolves
104,1,1,306,0021501226,,,5:37,3,5.0,5,0,201967,Dante Cunningham,NOP,New Orleans,1610612740.0,Pelicans,204025,Tim Frazier,NOP,New Orleans,1610612740.0,Pelicans,0,,,,,,64 - 94,30,Cunningham 25' 3PT Jump Shot (13 PTS) (Frazier 9 AST),9:32 PM,Jump Shot,Made Shot,306,Shot Chart Detail,-138,210,5,201967,Dante Cunningham,37,1,25,1,3PT Field Goal,Left Side Center(LC),Above the Break 3,24+ ft.,1610612740,New Orleans Pelicans
105,1,2,308,0021501226,MISS LaVine 24' 3PT Jump Shot,,5:23,3,4.0,0,0,203897,Zach LaVine,MIN,Minnesota,1610612750.0,Timberwolves,0,,,,,,0,,,,,,,,,9:33 PM,Jump Shot,Missed Shot,308,Shot Chart Detail,87,228,5,203897,Zach LaVine,23,1,24,0,3PT Field Goal,Right Side Center(RC),Above the Break 3,24+ ft.,1610612750,Minnesota Timberwolves
106,80,2,318,0021501226,MISS Wiggins 14' Step Back Jump Shot,,4:48,3,4.0,0,0,203952,Andrew Wiggins,MIN,Minnesota,1610612750.0,Timberwolves,0,,,,,,0,,,,,,,,,9:34 PM,Step Back Jump shot,Missed Shot,318,Shot Chart Detail,133,41,4,203952,Andrew Wiggins,48,1,13,0,2PT Field Goal,Right Side(R),Mid-Range,8-16 ft.,1610612750,Minnesota Timberwolves
107,1,2,320,0021501226,,,4:32,3,5.0,0,0,203516,James Ennis,NOP,New Orleans,1610612740.0,Pelicans,0,,,,,,0,,,,,,,,MISS Ennis 25' 3PT Jump Shot,9:34 PM,Jump Shot,Missed Shot,320,Shot Chart Detail,-83,232,4,203516,James Ennis,32,1,24,0,3PT Field Goal,Left Side Center(LC),Above the Break 3,24+ ft.,1610612740,New Orleans Pelicans
108,1,2,326,0021501226,MISS LaVine 25' 3PT Jump Shot,,3:47,3,4.0,0,0,203897,Zach LaVine,MIN,Minnesota,1610612750.0,Timberwolves,0,,,,,,0,,,,,,,,,9:35 PM,Jump Shot,Missed Shot,326,Shot Chart Detail,81,232,3,203897,Zach LaVine,47,1,24,0,3PT Field Goal,Right Side Center(RC),Above the Break 3,24+ ft.,1610612750,Minnesota Timberwolves
109,0,4,327,0021501226,,,3:46,3,5.0,0,0,2570,Kendrick Perkins,NOP,New Orleans,1610612740.0,Pelicans,0,,,,,,0,,,,,,,,Perkins REBOUND (Off:1 Def:1),9:35 PM,Step Back Jump shot,Made Shot,330,Shot Chart Detail,87,159,3,203516,James Ennis,6,1,18,1,2PT Field Goal,Right Side Center(RC),Mid-Range,16-24 ft.,1610612740,New Orleans Pelicans
110,7,1,329,0021501226,LaVine  Dunk (19 PTS) (Dieng 2 AST),,3:24,3,4.0,4,0,203897,Zach LaVine,MIN,Minnesota,1610612750.0,Timberwolves,203476,Gorgui Dieng,MIN,Minnesota,1610612750.0,Timberwolves,0,,,,,,66 - 96,30,,9:36 PM,Dunk Shot,Made Shot,329,Shot Chart Detail,0,1,3,203897,Zach LaVine,24,1,0,1,2PT Field Goal,Center(C),Restricted Area,Less Than 8 ft.,1610612750,Minnesota Timberwolves
111,47,2,337,0021501226,MISS Dieng 14' Turnaround Jump Shot,,2:32,3,4.0,0,0,203476,Gorgui Dieng,MIN,Minnesota,1610612750.0,Timberwolves,0,,,,,,0,,,,,,,,,9:39 PM,Turnaround Jump Shot,Missed Shot,337,Shot Chart Detail,135,41,2,203476,Gorgui Dieng,32,1,14,0,2PT Field Goal,Right Side(R),Mid-Range,8-16 ft.,1610612750,Minnesota Timberwolves
112,1,1,339,0021501226,,,2:10,3,5.0,5,0,201967,Dante Cunningham,NOP,New Orleans,1610612740.0,Pelicans,2570,Kendrick Perkins,NOP,New Orleans,1610612740.0,Pelicans,0,,,,,,70 - 96,26,Cunningham 20' Jump Shot (17 PTS) (Perkins 2 AST),9:40 PM,Jump Shot,Made Shot,339,Shot Chart Detail,120,160,2,201967,Dante Cunningham,10,1,20,1,2PT Field Goal,Right Side Center(RC),Mid-Range,16-24 ft.,1610612740,New Orleans Pelicans
113,58,1,340,0021501226,Wiggins 9' Turnaround Hook Shot (16 PTS) (Jones 5 AST),,1:53,3,4.0,4,0,203952,Andrew Wiggins,MIN,Minnesota,1610612750.0,Timberwolves,1626145,Tyus Jones,MIN,Minnesota,1610612750.0,Timberwolves,0,,,,,,70 - 98,28,,9:40 PM,Turnaround Hook Shot,Made Shot,340,Shot Chart Detail,1,90,1,203952,Andrew Wiggins,53,1,9,1,2PT Field Goal,Center(C),In The Paint (Non-RA),8-16 ft.,1610612750,Minnesota Timberwolves
114,58,1,340,0021501226,Wiggins 9' Turnaround Hook Shot (16 PTS) (Jones 5 AST),,1:53,3,4.0,4,0,203952,Andrew Wiggins,MIN,Minnesota,1610612750.0,Timberwolves,1626145,Tyus Jones,MIN,Minnesota,1610612750.0,Timberwolves,0,,,,,,70 - 98,28,,9:40 PM,Jump Shot,Made Shot,351,Shot Chart Detail,127,219,1,202706,Jordan Hamilton,3,1,25,1,3PT Field Goal,Right Side Center(RC),Above the Break 3,24+ ft.,1610612740,New Orleans Pelicans
115,1,2,341,0021501226,,,1:44,3,5.0,0,0,203516,James Ennis,NOP,New Orleans,1610612740.0,Pelicans,0,,,,,,0,,,,,,,,MISS Ennis 25' 3PT Jump Shot,9:40 PM,Jump Shot,Missed Shot,341,Shot Chart Detail,-168,188,1,203516,James Ennis,44,1,25,0,3PT Field Goal,Left Side Center(LC),Above the Break 3,24+ ft.,1610612740,New Orleans Pelicans
116,1,1,350,0021501226,Dieng  3PT Jump Shot (17 PTS) (Jones 6 AST),,1:19,3,4.0,4,0,203476,Gorgui Dieng,MIN,Minnesota,1610612750.0,Timberwolves,1626145,Tyus Jones,MIN,Minnesota,1610612750.0,Timberwolves,0,,,,,,72 - 101,29,,9:41 PM,Jump Shot,Made Shot,350,Shot Chart Detail,-228,31,1,203476,Gorgui Dieng,19,1,23,1,3PT Field Goal,Left Side(L),Left Corner 3,24+ ft.,1610612750,Minnesota Timberwolves
117,1,1,352,0021501226,Dieng  3PT Jump Shot (20 PTS) (Muhammad 3 AST),,0:48,3,4.0,4,0,203476,Gorgui Dieng,MIN,Minnesota,1610612750.0,Timberwolves,203498,Shabazz Muhammad,MIN,Minnesota,1610612750.0,Timberwolves,0,,,,,,75 - 104,29,,9:42 PM,Jump Shot,Made Shot,352,Shot Chart Detail,-230,16,0,203476,Gorgui Dieng,48,1,23,1,3PT Field Goal,Left Side(L),Left Corner 3,24+ ft.,1610612750,Minnesota Timberwolves
118,75,1,353,0021501226,,,0:36,3,5.0,0,0,201962,Toney Douglas,NOP,New Orleans,1610612740.0,Pelicans,0,,,,,,0,,,,,,77 - 104,27,Douglas 2' Driving Finger Roll Layup (14 PTS),9:42 PM,Driving Finger Roll Layup Shot,Made Shot,353,Shot Chart Detail,-16,16,0,201962,Toney Douglas,36,1,2,1,2PT Field Goal,Center(C),Restricted Area,Less Than 8 ft.,1610612740,New Orleans Pelicans
119,98,1,354,0021501226,Muhammad 1' Cutting Layup Shot (9 PTS) (Jones 7 AST),,0:24,3,4.0,4,0,203498,Shabazz Muhammad,MIN,Minnesota,1610612750.0,Timberwolves,1626145,Tyus Jones,MIN,Minnesota,1610612750.0,Timberwolves,0,,,,,,77 - 106,29,,9:42 PM,Cutting Layup Shot,Made Shot,354,Shot Chart Detail,-12,7,0,203498,Shabazz Muhammad,24,1,1,1,2PT Field Goal,Center(C),Restricted Area,Less Than 8 ft.,1610612750,Minnesota Timberwolves
120,98,2,365,0021501226,,,11:32,4,5.0,0,0,201967,Dante Cunningham,NOP,New Orleans,1610612740.0,Pelicans,0,,,,,,0,,,,,,,,MISS Cunningham 2' Cutting Layup Shot,9:47 PM,Cutting Layup Shot,Missed Shot,365,Shot Chart Detail,12,16,11,201967,Dante Cunningham,32,1,2,0,2PT Field Goal,Center(C),Restricted Area,Less Than 8 ft.,1610612740,New Orleans Pelicans
121,1,1,367,0021501226,Jones 25' 3PT Jump Shot (4 PTS) (Dieng 3 AST),,11:19,4,4.0,4,0,1626145,Tyus Jones,MIN,Minnesota,1610612750.0,Timberwolves,203476,Gorgui Dieng,MIN,Minnesota,1610612750.0,Timberwolves,0,,,,,,79 - 111,32,,9:47 PM,Jump Shot,Made Shot,367,Shot Chart Detail,37,244,11,1626145,Tyus Jones,19,1,24,1,3PT Field Goal,Center(C),Above the Break 3,24+ ft.,1610612750,Minnesota Timberwolves
122,1,1,370,0021501226,Wiggins 24' 3PT Jump Shot (21 PTS),,10:50,4,4.0,0,0,203952,Andrew Wiggins,MIN,Minnesota,1610612750.0,Timberwolves,0,,,,,,0,,,,,,79 - 114,35,,9:48 PM,Jump Shot,Made Shot,370,Shot Chart Detail,33,239,10,203952,Andrew Wiggins,50,1,24,1,3PT Field Goal,Center(C),Above the Break 3,24+ ft.,1610612750,Minnesota Timberwolves
123,80,1,371,0021501226,,,10:31,4,5.0,0,0,201962,Toney Douglas,NOP,New Orleans,1610612740.0,Pelicans,0,,,,,,0,,,,,,82 - 114,32,Douglas 25' 3PT Step Back Jump Shot (17 PTS),9:48 PM,Step Back Jump shot,Made Shot,371,Shot Chart Detail,-101,232,10,201962,Toney Douglas,31,1,25,1,3PT Field Goal,Left Side Center(LC),Above the Break 3,24+ ft.,1610612740,New Orleans Pelicans
124,42,2,372,0021501226,MISS Wiggins 3' Driving Layup,,10:18,4,4.0,0,0,203952,Andrew Wiggins,MIN,Minnesota,1610612750.0,Timberwolves,0,,,,,,0,,,,,,,,,9:48 PM,Driving Layup Shot,Missed Shot,372,Shot Chart Detail,22,18,10,203952,Andrew Wiggins,18,1,2,0,2PT Field Goal,Center(C),Restricted Area,Less Than 8 ft.,1610612750,Minnesota Timberwolves
125,0,4,373,0021501226,,,10:18,4,5.0,0,0,202706,Jordan Hamilton,NOP,New Orleans,1610612740.0,Pelicans,0,,,,,,0,,,,,,,,Hamilton REBOUND (Off:1 Def:5),9:48 PM,Driving Layup Shot,Missed Shot,372,Shot Chart Detail,22,18,10,203952,Andrew Wiggins,18,1,2,0,2PT Field Goal,Center(C),Restricted Area,Less Than 8 ft.,1610612750,Minnesota Timberwolves
126,43,1,377,0021501226,Muhammad 2' Alley Oop Layup (11 PTS) (Dieng 4 AST),,9:52,4,4.0,4,0,203498,Shabazz Muhammad,MIN,Minnesota,1610612750.0,Timberwolves,203476,Gorgui Dieng,MIN,Minnesota,1610612750.0,Timberwolves,0,,,,,,82 - 116,34,,9:49 PM,Alley Oop Layup shot,Made Shot,377,Shot Chart Detail,-16,8,9,203498,Shabazz Muhammad,52,1,1,1,2PT Field Goal,Center(C),Restricted Area,Less Than 8 ft.,1610612750,Minnesota Timberwolves
127,42,1,379,0021501226,Muhammad 1' Driving Layup (13 PTS) (Jones 8 AST),,9:30,4,4.0,4,0,203498,Shabazz Muhammad,MIN,Minnesota,1610612750.0,Timberwolves,1626145,Tyus Jones,MIN,Minnesota,1610612750.0,Timberwolves,0,,,,,,82 - 118,36,,9:49 PM,Driving Layup Shot,Made Shot,379,Shot Chart Detail,-12,8,9,203498,Shabazz Muhammad,30,1,1,1,2PT Field Goal,Center(C),Restricted Area,Less Than 8 ft.,1610612750,Minnesota Timberwolves
128,1,2,380,0021501226,,,9:18,4,5.0,0,0,2570,Kendrick Perkins,NOP,New Orleans,1610612740.0,Pelicans,0,,,,,,0,,,,,,,,MISS Perkins 19' Jump Shot,9:50 PM,Jump Shot,Missed Shot,380,Shot Chart Detail,117,144,9,2570,Kendrick Perkins,18,1,18,0,2PT Field Goal,Right Side Center(RC),Mid-Range,16-24 ft.,1610612740,New Orleans Pelicans
129,1,2,385,0021501226,,,8:55,4,5.0,0,0,202706,Jordan Hamilton,NOP,New Orleans,1610612740.0,Pelicans,0,,,,,,0,,,,,,,,MISS Hamilton 24' 3PT Jump Shot,9:50 PM,Jump Shot,Missed Shot,385,Shot Chart Detail,204,124,8,202706,Jordan Hamilton,55,1,23,0,3PT Field Goal,Right Side Center(RC),Above the Break 3,24+ ft.,1610612740,New Orleans Pelicans
130,82,1,387,0021501226,Jones 5' Driving Bank Shot (6 PTS),,8:47,4,4.0,0,0,1626145,Tyus Jones,MIN,Minnesota,1610612750.0,Timberwolves,0,,,,,,0,,,,,,82 - 120,38,,9:50 PM,Driving Bank shot,Made Shot,387,Shot Chart Detail,-50,11,8,1626145,Tyus Jones,47,1,5,1,2PT Field Goal,Center(C),In The Paint (Non-RA),Less Than 8 ft.,1610612750,Minnesota Timberwolves
131,2,6,388,0021501226,,,8:47,4,5.0,4,1,204025,Tim Frazier,NOP,New Orleans,1610612740.0,Pelicans,1626145,Tyus Jones,MIN,Minnesota,1610612750.0,Timberwolves,0,,,,,,,,Frazier S.FOUL (P4.T3) (Z.Zarba),9:50 PM,Driving Bank shot,Made Shot,387,Shot Chart Detail,-50,11,8,1626145,Tyus Jones,47,1,5,1,2PT Field Goal,Center(C),In The Paint (Non-RA),Less Than 8 ft.,1610612750,Minnesota Timberwolves
132,1,9,390,0021501226,,,8:47,4,1.0,0,0,0,,,,,,0,,,,,,0,,,,,,,,,9:50 PM,Driving Bank shot,Made Shot,387,Shot Chart Detail,-50,11,8,1626145,Tyus Jones,47,1,5,1,2PT Field Goal,Center(C),In The Paint (Non-RA),Less Than 8 ft.,1610612750,Minnesota Timberwolves
133,0,8,391,0021501226,SUB: Towns FOR Dieng,,8:47,4,4.0,4,0,203476,Gorgui Dieng,MIN,Minnesota,1610612750.0,Timberwolves,1626157,Karl-Anthony Towns,MIN,Minnesota,1610612750.0,Timberwolves,0,,,,,,,,,9:53 PM,Driving Bank shot,Made Shot,387,Shot Chart Detail,-50,11,8,1626145,Tyus Jones,47,1,5,1,2PT Field Goal,Center(C),In The Paint (Non-RA),Less Than 8 ft.,1610612750,Minnesota Timberwolves
134,0,8,392,0021501226,SUB: Rudez FOR Wiggins,,8:47,4,4.0,4,0,203952,Andrew Wiggins,MIN,Minnesota,1610612750.0,Timberwolves,204014,Damjan Rudez,MIN,Minnesota,1610612750.0,Timberwolves,0,,,,,,,,,9:53 PM,Driving Bank shot,Made Shot,387,Shot Chart Detail,-50,11,8,1626145,Tyus Jones,47,1,5,1,2PT Field Goal,Center(C),In The Paint (Non-RA),Less Than 8 ft.,1610612750,Minnesota Timberwolves
135,0,8,393,0021501226,,,8:47,4,5.0,5,0,2570,Kendrick Perkins,NOP,New Orleans,1610612740.0,Pelicans,201600,Omer Asik,NOP,New Orleans,1610612740.0,Pelicans,0,,,,,,,,SUB: Asik FOR Perkins,9:53 PM,Driving Bank shot,Made Shot,387,Shot Chart Detail,-50,11,8,1626145,Tyus Jones,47,1,5,1,2PT Field Goal,Center(C),In The Paint (Non-RA),Less Than 8 ft.,1610612750,Minnesota Timberwolves
136,0,8,394,0021501226,,,8:47,4,5.0,5,0,201967,Dante Cunningham,NOP,New Orleans,1610612740.0,Pelicans,203516,James Ennis,NOP,New Orleans,1610612740.0,Pelicans,0,,,,,,,,SUB: Ennis FOR Cunningham,9:53 PM,Driving Bank shot,Made Shot,387,Shot Chart Detail,-50,11,8,1626145,Tyus Jones,47,1,5,1,2PT Field Goal,Center(C),In The Paint (Non-RA),Less Than 8 ft.,1610612750,Minnesota Timberwolves
137,10,3,395,0021501226,MISS Jones Free Throw 1 of 1,,8:47,4,4.0,0,0,1626145,Tyus Jones,MIN,Minnesota,1610612750.0,Timberwolves,0,,,,,,0,,,,,,,,,9:53 PM,Driving Bank shot,Made Shot,387,Shot Chart Detail,-50,11,8,1626145,Tyus Jones,47,1,5,1,2PT Field Goal,Center(C),In The Paint (Non-RA),Less Than 8 ft.,1610612750,Minnesota Timberwolves
138,0,4,397,0021501226,,,8:47,4,5.0,0,0,201600,Omer Asik,NOP,New Orleans,1610612740.0,Pelicans,0,,,,,,0,,,,,,,,Asik REBOUND (Off:3 Def:7),9:53 PM,Driving Bank shot,Made Shot,387,Shot Chart Detail,-50,11,8,1626145,Tyus Jones,47,1,5,1,2PT Field Goal,Center(C),In The Paint (Non-RA),Less Than 8 ft.,1610612750,Minnesota Timberwolves
139,80,1,398,0021501226,,,8:29,4,5.0,5,0,201962,Toney Douglas,NOP,New Orleans,1610612740.0,Pelicans,204025,Tim Frazier,NOP,New Orleans,1610612740.0,Pelicans,0,,,,,,85 - 120,35,Douglas 24' 3PT Step Back Jump Shot (20 PTS) (Frazier 11 AST),9:53 PM,Step Back Jump shot,Made Shot,398,Shot Chart Detail,-81,228,8,201962,Toney Douglas,29,1,24,1,3PT Field Goal,Left Side Center(LC),Above the Break 3,24+ ft.,1610612740,New Orleans Pelicans
140,108,1,407,0021501226,Towns  Cutting Dunk Shot (26 PTS) (Bjelica 2 AST),,7:31,4,4.0,4,0,1626157,Karl-Anthony Towns,MIN,Minnesota,1610612750.0,Timberwolves,202357,Nemanja Bjelica,MIN,Minnesota,1610612750.0,Timberwolves,0,,,,,,85 - 124,39,,9:55 PM,Cutting Dunk Shot,Made Shot,407,Shot Chart Detail,0,1,7,1626157,Karl-Anthony Towns,31,1,0,1,2PT Field Goal,Center(C),Restricted Area,Less Than 8 ft.,1610612750,Minnesota Timberwolves
141,5,2,408,0021501226,Bjelica BLOCK (1 BLK),,7:21,4,5.0,0,4,204025,Tim Frazier,NOP,New Orleans,1610612740.0,Pelicans,0,,,,,,202357,Nemanja Bjelica,MIN,Minnesota,1610612750.0,Timberwolves,,,MISS Frazier 2' Layup,9:56 PM,Layup Shot,Missed Shot,408,Shot Chart Detail,17,16,7,204025,Tim Frazier,21,1,2,0,2PT Field Goal,Center(C),Restricted Area,Less Than 8 ft.,1610612740,New Orleans Pelicans
142,1,1,413,0021501226,Towns 23' Jump Shot (28 PTS) (Bjelica 3 AST),,6:51,4,4.0,4,0,1626157,Karl-Anthony Towns,MIN,Minnesota,1610612750.0,Timberwolves,202357,Nemanja Bjelica,MIN,Minnesota,1610612750.0,Timberwolves,0,,,,,,88 - 126,38,,9:57 PM,Jump Shot,Made Shot,413,Shot Chart Detail,-204,106,6,1626157,Karl-Anthony Towns,51,1,22,1,2PT Field Goal,Left Side(L),Mid-Range,16-24 ft.,1610612750,Minnesota Timberwolves
143,1,1,413,0021501226,Towns 23' Jump Shot (28 PTS) (Bjelica 3 AST),,6:51,4,4.0,4,0,1626157,Karl-Anthony Towns,MIN,Minnesota,1610612750.0,Timberwolves,202357,Nemanja Bjelica,MIN,Minnesota,1610612750.0,Timberwolves,0,,,,,,88 - 126,38,,9:57 PM,Driving Dunk Shot,Made Shot,424,Shot Chart Detail,0,1,6,203498,Shabazz Muhammad,1,1,0,1,2PT Field Goal,Center(C),Restricted Area,Less Than 8 ft.,1610612750,Minnesota Timberwolves
144,5,2,414,0021501226,,,6:25,4,5.0,0,0,204025,Tim Frazier,NOP,New Orleans,1610612740.0,Pelicans,0,,,,,,0,,,,,,,,MISS Frazier 2' Layup,9:57 PM,Layup Shot,Missed Shot,414,Shot Chart Detail,14,8,6,204025,Tim Frazier,25,1,1,0,2PT Field Goal,Center(C),Restricted Area,Less Than 8 ft.,1610612740,New Orleans Pelicans
145,44,1,425,0021501226,,,5:40,4,5.0,5,0,201600,Omer Asik,NOP,New Orleans,1610612740.0,Pelicans,202706,Jordan Hamilton,NOP,New Orleans,1610612740.0,Pelicans,0,,,,,,90 - 129,39,Asik 1' Reverse Layup (21 PTS) (Hamilton 4 AST),9:59 PM,Reverse Layup Shot,Made Shot,425,Shot Chart Detail,6,7,5,201600,Omer Asik,40,1,0,1,2PT Field Goal,Center(C),Restricted Area,Less Than 8 ft.,1610612740,New Orleans Pelicans
146,79,2,426,0021501226,MISS Muhammad 15' Pullup Jump Shot,,5:25,4,4.0,0,0,203498,Shabazz Muhammad,MIN,Minnesota,1610612750.0,Timberwolves,0,,,,,,0,,,,,,,,,10:00 PM,Pullup Jump shot,Missed Shot,426,Shot Chart Detail,-101,115,5,203498,Shabazz Muhammad,25,1,15,0,2PT Field Goal,Left Side(L),Mid-Range,8-16 ft.,1610612750,Minnesota Timberwolves
147,44,2,428,0021501226,,,5:10,4,5.0,0,0,201600,Omer Asik,NOP,New Orleans,1610612740.0,Pelicans,0,,,,,,0,,,,,,,,MISS Asik 1' Reverse Layup,10:00 PM,Reverse Layup Shot,Missed Shot,428,Shot Chart Detail,-7,7,5,201600,Omer Asik,10,1,0,0,2PT Field Goal,Center(C),Restricted Area,Less Than 8 ft.,1610612740,New Orleans Pelicans
148,5,2,439,0021501226,,,4:37,4,5.0,0,0,204025,Tim Frazier,NOP,New Orleans,1610612740.0,Pelicans,0,,,,,,0,,,,,,,,MISS Frazier 1' Layup,10:03 PM,Layup Shot,Missed Shot,439,Shot Chart Detail,4,-6,4,204025,Tim Frazier,37,1,0,0,2PT Field Goal,Center(C),Restricted Area,Less Than 8 ft.,1610612740,New Orleans Pelicans
149,52,1,441,0021501226,Payne  Alley Oop Dunk (2 PTS) (Jones 11 AST),,4:31,4,4.0,4,0,203940,Adreian Payne,MIN,Minnesota,1610612750.0,Timberwolves,1626145,Tyus Jones,MIN,Minnesota,1610612750.0,Timberwolves,0,,,,,,92 - 133,41,,10:04 PM,Alley Oop Dunk Shot,Made Shot,441,Shot Chart Detail,0,1,4,203940,Adreian Payne,31,1,0,1,2PT Field Goal,Center(C),Restricted Area,Less Than 8 ft.,1610612750,Minnesota Timberwolves
150,1,2,448,0021501226,MISS Jones 27' 3PT Jump Shot,,3:37,4,4.0,0,0,1626145,Tyus Jones,MIN,Minnesota,1610612750.0,Timberwolves,0,,,,,,0,,,,,,,,,10:05 PM,Jump Shot,Missed Shot,448,Shot Chart Detail,-181,198,3,1626145,Tyus Jones,37,1,26,0,3PT Field Goal,Left Side Center(LC),Above the Break 3,24+ ft.,1610612750,Minnesota Timberwolves
151,1,1,450,0021501226,,,3:30,4,5.0,5,0,203516,James Ennis,NOP,New Orleans,1610612740.0,Pelicans,204025,Tim Frazier,NOP,New Orleans,1610612740.0,Pelicans,0,,,,,,98 - 133,35,Ennis 25' 3PT Jump Shot (24 PTS) (Frazier 12 AST),10:05 PM,Jump Shot,Made Shot,450,Shot Chart Detail,-176,183,3,203516,James Ennis,30,1,25,1,3PT Field Goal,Left Side Center(LC),Above the Break 3,24+ ft.,1610612740,New Orleans Pelicans
152,78,1,461,0021501226,Muhammad 5' Floating Jump Shot (23 PTS) (Payne 1 AST),,2:53,4,4.0,4,0,203498,Shabazz Muhammad,MIN,Minnesota,1610612750.0,Timberwolves,203940,Adreian Payne,MIN,Minnesota,1610612750.0,Timberwolves,0,,,,,,99 - 137,38,,10:07 PM,Floating Jump shot,Made Shot,461,Shot Chart Detail,14,47,2,203498,Shabazz Muhammad,53,1,4,1,2PT Field Goal,Center(C),In The Paint (Non-RA),Less Than 8 ft.,1610612750,Minnesota Timberwolves
153,78,1,461,0021501226,Muhammad 5' Floating Jump Shot (23 PTS) (Payne 1 AST),,2:53,4,4.0,4,0,203498,Shabazz Muhammad,MIN,Minnesota,1610612750.0,Timberwolves,203940,Adreian Payne,MIN,Minnesota,1610612750.0,Timberwolves,0,,,,,,99 - 137,38,,10:07 PM,Running Layup Shot,Made Shot,473,Shot Chart Detail,-7,-1,2,203498,Shabazz Muhammad,3,1,0,1,2PT Field Goal,Center(C),Restricted Area,Less Than 8 ft.,1610612750,Minnesota Timberwolves
154,1,2,462,0021501226,,,2:44,4,5.0,0,0,203516,James Ennis,NOP,New Orleans,1610612740.0,Pelicans,0,,,,,,0,,,,,,,,MISS Ennis  3PT Jump Shot,10:07 PM,Jump Shot,Missed Shot,462,Shot Chart Detail,230,16,2,203516,James Ennis,44,1,23,0,3PT Field Goal,Right Side(R),Right Corner 3,24+ ft.,1610612740,New Orleans Pelicans
155,42,1,468,0021501226,Muhammad 1' Driving Layup (25 PTS),,2:31,4,4.0,0,0,203498,Shabazz Muhammad,MIN,Minnesota,1610612750.0,Timberwolves,0,,,,,,0,,,,,,99 - 139,40,,10:10 PM,Driving Layup Shot,Made Shot,468,Shot Chart Detail,-7,7,2,203498,Shabazz Muhammad,31,1,0,1,2PT Field Goal,Center(C),Restricted Area,Less Than 8 ft.,1610612750,Minnesota Timberwolves
156,2,6,469,0021501226,,,2:31,4,5.0,4,1,203516,James Ennis,NOP,New Orleans,1610612740.0,Pelicans,203498,Shabazz Muhammad,MIN,Minnesota,1610612750.0,Timberwolves,0,,,,,,,,Ennis S.FOUL (P4.PN) (Z.Zarba),10:10 PM,Driving Layup Shot,Made Shot,468,Shot Chart Detail,-7,7,2,203498,Shabazz Muhammad,31,1,0,1,2PT Field Goal,Center(C),Restricted Area,Less Than 8 ft.,1610612750,Minnesota Timberwolves
157,10,3,470,0021501226,Muhammad Free Throw 1 of 1 (26 PTS),,2:31,4,4.0,0,0,203498,Shabazz Muhammad,MIN,Minnesota,1610612750.0,Timberwolves,0,,,,,,0,,,,,,99 - 140,41,,10:10 PM,Driving Layup Shot,Made Shot,468,Shot Chart Detail,-7,7,2,203498,Shabazz Muhammad,31,1,0,1,2PT Field Goal,Center(C),Restricted Area,Less Than 8 ft.,1610612750,Minnesota Timberwolves
158,98,1,472,0021501226,,,2:10,4,5.0,5,0,204025,Tim Frazier,NOP,New Orleans,1610612740.0,Pelicans,2570,Kendrick Perkins,NOP,New Orleans,1610612740.0,Pelicans,0,,,,,,101 - 140,39,Frazier 1' Cutting Layup Shot (4 PTS) (Perkins 3 AST),10:11 PM,Cutting Layup Shot,Made Shot,472,Shot Chart Detail,-9,3,2,204025,Tim Frazier,10,1,0,1,2PT Field Goal,Center(C),Restricted Area,Less Than 8 ft.,1610612740,New Orleans Pelicans
159,80,2,474,0021501226,,,1:45,4,5.0,0,0,202706,Jordan Hamilton,NOP,New Orleans,1610612740.0,Pelicans,0,,,,,,0,,,,,,,,MISS Hamilton 24' 3PT Step Back Jump Shot,10:11 PM,Step Back Jump shot,Missed Shot,474,Shot Chart Detail,223,75,1,202706,Jordan Hamilton,45,1,23,0,3PT Field Goal,Right Side(R),Right Corner 3,24+ ft.,1610612740,New Orleans Pelicans
160,73,1,477,0021501226,,,1:26,4,5.0,5,0,203516,James Ennis,NOP,New Orleans,1610612740.0,Pelicans,204025,Tim Frazier,NOP,New Orleans,1610612740.0,Pelicans,0,,,,,,103 - 142,39,Ennis  Driving Reverse Layup (26 PTS) (Frazier 13 AST),10:11 PM,Driving Reverse Layup Shot,Made Shot,477,Shot Chart Detail,2,2,1,203516,James Ennis,26,1,0,1,2PT Field Goal,Center(C),Restricted Area,Less Than 8 ft.,1610612740,New Orleans Pelicans
161,42,1,478,0021501226,Jones 1' Driving Layup (9 PTS),,1:18,4,4.0,0,0,1626145,Tyus Jones,MIN,Minnesota,1610612750.0,Timberwolves,0,,,,,,0,,,,,,103 - 144,41,,10:12 PM,Driving Layup Shot,Made Shot,478,Shot Chart Detail,-12,3,1,1626145,Tyus Jones,18,1,1,1,2PT Field Goal,Center(C),Restricted Area,Less Than 8 ft.,1610612750,Minnesota Timberwolves
162,42,1,479,0021501226,,,1:10,4,5.0,0,0,204025,Tim Frazier,NOP,New Orleans,1610612740.0,Pelicans,0,,,,,,0,,,,,,105 - 144,39,Frazier 1' Driving Layup (6 PTS),10:12 PM,Driving Layup Shot,Made Shot,479,Shot Chart Detail,-7,-1,1,204025,Tim Frazier,10,1,0,1,2PT Field Goal,Center(C),Restricted Area,Less Than 8 ft.,1610612740,New Orleans Pelicans
163,51,1,482,0021501226,,,0:58,4,5.0,5,0,203516,James Ennis,NOP,New Orleans,1610612740.0,Pelicans,204025,Tim Frazier,NOP,New Orleans,1610612740.0,Pelicans,0,,,,,,107 - 144,37,Ennis  Reverse Dunk (28 PTS) (Frazier 14 AST),10:12 PM,Reverse Dunk Shot,Made Shot,482,Shot Chart Detail,0,1,0,203516,James Ennis,58,1,0,1,2PT Field Goal,Center(C),Restricted Area,Less Than 8 ft.,1610612740,New Orleans Pelicans
164,42,2,483,0021501226,MISS Payne 1' Driving Layup,,0:45,4,4.0,0,0,203940,Adreian Payne,MIN,Minnesota,1610612750.0,Timberwolves,0,,,,,,0,,,,,,,,,10:12 PM,Driving Layup Shot,Missed Shot,483,Shot Chart Detail,-4,13,0,203940,Adreian Payne,45,1,1,0,2PT Field Goal,Center(C),Restricted Area,Less Than 8 ft.,1610612750,Minnesota Timberwolves
165,1,1,485,0021501226,,,0:21,4,5.0,5,0,2570,Kendrick Perkins,NOP,New Orleans,1610612740.0,Pelicans,204025,Tim Frazier,NOP,New Orleans,1610612740.0,Pelicans,0,,,,,,109 - 144,35,Perkins 19' Jump Shot (6 PTS) (Frazier 15 AST),10:13 PM,Jump Shot,Made Shot,485,Shot Chart Detail,-70,174,0,2570,Kendrick Perkins,21,1,18,1,2PT Field Goal,Left Side Center(LC),Mid-Range,16-24 ft.,1610612740,New Orleans Pelicans
