,EVENTMSGACTIONTYPE,EVENTMSGTYPE,EVENTNUM,GAME_ID,HOMEDESCRIPTION,NEUTRALDESCRIPTION,PCTIMESTRING,PERIOD,PERSON1TYPE,PERSON2TYPE,PERSON3TYPE,PLAYER1_ID,PLAYER1_NAME,PLAYER1_TEAM_ABBREVIATION,PLAYER1_TEAM_CITY,PLAYER1_TEAM_ID,PLAYER1_TEAM_NICKNAME,PLAYER2_ID,PLAYER2_NAME,PLAYER2_TEAM_ABBREVIATION,PLAYER2_TEAM_CITY,PLAYER2_TEAM_ID,PLAYER2_TEAM_NICKNAME,PLAYER3_ID,PLAYER3_NAME,PLAYER3_TEAM_ABBREVIATION,PLAYER3_TEAM_CITY,PLAYER3_TEAM_ID,PLAYER3_TEAM_NICKNAME,SCORE,SCOREMARGIN,VISITORDESCRIPTION,WCTIMESTRING
0,0,12,0,0020700845,,,12:00,1,0,0,0,0,,,,,,0,,,,,,0,,,,,,,,,7:08 PM
1,0,10,1,0020700845,Jump Ball Bosh vs. Jefferson: Tip to Gomes,,12:00,1,4,5,5,2547,Chris Bosh,TOR,Toronto,1610612761.0,Raptors,2744,Al Jefferson,MIN,Minnesota,1610612750.0,Timberwolves,101155,Ryan Gomes,MIN,Minnesota,1610612750.0,Timberwolves,,,,7:09 PM
2,1,1,2,0020700845,,,11:34,1,5,5,0,101155,Ryan Gomes,MIN,Minnesota,1610612750.0,Timberwolves,201147,Corey Brewer,MIN,Minnesota,1610612750.0,Timberwolves,0,,,,,,2 - 0,-2,Gomes 11' Jump Shot (2 PTS) (Brewer 1 AST),7:09 PM
3,1,1,3,0020700845,Bosh 12' Jump Shot (2 PTS),,11:10,1,4,0,0,2547,Chris Bosh,TOR,Toronto,1610612761.0,Raptors,0,,,,,,0,,,,,,2 - 2,TIE,,7:10 PM
4,1,2,4,0020700845,,,10:42,1,5,0,0,2744,Al Jefferson,MIN,Minnesota,1610612750.0,Timberwolves,0,,,,,,0,,,,,,,,MISS Jefferson 20' Jump Shot,7:10 PM
5,0,4,5,0020700845,Moon REBOUND (Off:0 Def:1),,10:41,1,4,0,0,200081,Jamario Moon,TOR,Toronto,1610612761.0,Raptors,0,,,,,,0,,,,,,,,,7:10 PM
6,1,2,6,0020700845,MISS Bosh 19' Jump Shot,,10:31,1,4,0,0,2547,Chris Bosh,TOR,Toronto,1610612761.0,Raptors,0,,,,,,0,,,,,,,,,7:10 PM
7,0,4,7,0020700845,,,10:30,1,5,0,0,201147,Corey Brewer,MIN,Minnesota,1610612750.0,Timberwolves,0,,,,,,0,,,,,,,,Brewer REBOUND (Off:0 Def:1),7:10 PM
8,1,1,8,0020700845,,,10:11,1,5,5,0,200751,Randy Foye,MIN,Minnesota,1610612750.0,Timberwolves,2742,Sebastian Telfair,MIN,Minnesota,1610612750.0,Timberwolves,0,,,,,,5 - 2,-3,Foye 24' 3PT Jump Shot (3 PTS) (Telfair 1 AST),7:11 PM
9,4,6,9,0020700845,Bargnani OFF.Foul (P1),,9:49,1,4,5,1,200745,Andrea Bargnani,TOR,Toronto,1610612761.0,Raptors,2742,Sebastian Telfair,MIN,Minnesota,1610612750.0,Timberwolves,0,,,,,,,,,7:11 PM
10,5,5,10,0020700845,Bargnani Foul Turnover (P1.T1),,9:49,1,4,0,1,200745,Andrea Bargnani,TOR,Toronto,1610612761.0,Raptors,0,,,,,,0,,,,,,,,,7:11 PM
11,42,1,11,0020700845,,,9:25,1,5,0,0,2744,Al Jefferson,MIN,Minnesota,1610612750.0,Timberwolves,0,,,,,,0,,,,,,7 - 2,-5,Jefferson  Driving Layup (2 PTS),7:12 PM
12,1,2,12,0020700845,MISS Moon 22' Jump Shot,,9:12,1,4,0,0,200081,Jamario Moon,TOR,Toronto,1610612761.0,Raptors,0,,,,,,0,,,,,,,,,7:12 PM
13,0,4,13,0020700845,,,9:11,1,3,0,0,1610612750,,,,,,0,,,,,,0,,,,,,,,Timberwolves Rebound,7:12 PM
14,2,5,14,0020700845,Parker STEAL (1 STL),,8:47,1,5,4,0,200751,Randy Foye,MIN,Minnesota,1610612750.0,Timberwolves,1515,Anthony Parker,TOR,Toronto,1610612761.0,Raptors,0,,,,,,,,Foye Lost Ball Turnover (P1.T1),7:12 PM
15,80,2,15,0020700845,MISS Bargnani 25' 3PT Step Back Jump Shot,,8:37,1,4,0,0,200745,Andrea Bargnani,TOR,Toronto,1610612761.0,Raptors,0,,,,,,0,,,,,,,,,7:13 PM
16,0,4,16,0020700845,,,8:35,1,5,0,0,2742,Sebastian Telfair,MIN,Minnesota,1610612750.0,Timberwolves,0,,,,,,0,,,,,,,,Telfair REBOUND (Off:0 Def:1),7:13 PM
17,47,2,17,0020700845,,,8:25,1,5,0,0,101155,Ryan Gomes,MIN,Minnesota,1610612750.0,Timberwolves,0,,,,,,0,,,,,,,,MISS Gomes 15' Turnaround Jump Shot,7:13 PM
18,0,4,18,0020700845,Bargnani REBOUND (Off:0 Def:1),,8:23,1,4,0,0,200745,Andrea Bargnani,TOR,Toronto,1610612761.0,Raptors,0,,,,,,0,,,,,,,,,7:13 PM
19,52,2,19,0020700845,MISS Moon  Alley Oop Dunk,,8:19,1,4,0,0,200081,Jamario Moon,TOR,Toronto,1610612761.0,Raptors,0,,,,,,0,,,,,,,,,7:13 PM
20,0,4,20,0020700845,,,8:17,1,5,0,0,2744,Al Jefferson,MIN,Minnesota,1610612750.0,Timberwolves,0,,,,,,0,,,,,,,,Jefferson REBOUND (Off:0 Def:1),7:13 PM
21,3,1,21,0020700845,,,8:04,1,5,5,0,2744,Al Jefferson,MIN,Minnesota,1610612750.0,Timberwolves,101155,Ryan Gomes,MIN,Minnesota,1610612750.0,Timberwolves,0,,,,,,9 - 2,-7,Jefferson 7' Hook Shot (4 PTS) (Gomes 1 AST),7:13 PM
22,1,9,22,0020700845,RAPTORS Timeout: Regular (Full 1 Short 0),,8:04,1,2,0,0,1610612761,,,,,,0,,,,,,0,,,,,,,,,7:13 PM
23,42,2,25,0020700845,MISS Calderon  Driving Layup,,7:53,1,4,0,5,101181,Jose Calderon,TOR,Toronto,1610612761.0,Raptors,0,,,,,,201147,Corey Brewer,MIN,Minnesota,1610612750.0,Timberwolves,,,Brewer BLOCK (1 BLK),7:16 PM
24,0,4,26,0020700845,,,7:51,1,5,0,0,201147,Corey Brewer,MIN,Minnesota,1610612750.0,Timberwolves,0,,,,,,0,,,,,,,,Brewer REBOUND (Off:0 Def:2),7:16 PM
25,1,1,27,0020700845,,,7:43,1,5,5,0,200751,Randy Foye,MIN,Minnesota,1610612750.0,Timberwolves,2742,Sebastian Telfair,MIN,Minnesota,1610612750.0,Timberwolves,0,,,,,,12 - 2,-10,Foye 25' 3PT Jump Shot (6 PTS) (Telfair 2 AST),7:16 PM
26,1,1,28,0020700845,Moon  3PT Jump Shot (3 PTS) (Bargnani 1 AST),,7:27,1,4,4,0,200081,Jamario Moon,TOR,Toronto,1610612761.0,Raptors,200745,Andrea Bargnani,TOR,Toronto,1610612761.0,Raptors,0,,,,,,12 - 5,-7,,7:16 PM
27,1,1,29,0020700845,,,7:07,1,5,5,0,200751,Randy Foye,MIN,Minnesota,1610612750.0,Timberwolves,2744,Al Jefferson,MIN,Minnesota,1610612750.0,Timberwolves,0,,,,,,15 - 5,-10,Foye 25' 3PT Jump Shot (9 PTS) (Jefferson 1 AST),7:17 PM
28,1,2,30,0020700845,MISS Moon  3PT Jump Shot,,6:52,1,4,0,0,200081,Jamario Moon,TOR,Toronto,1610612761.0,Raptors,0,,,,,,0,,,,,,,,,7:17 PM
29,0,4,31,0020700845,,,6:51,1,5,0,0,2744,Al Jefferson,MIN,Minnesota,1610612750.0,Timberwolves,0,,,,,,0,,,,,,,,Jefferson REBOUND (Off:0 Def:2),7:17 PM
30,1,2,32,0020700845,,,6:38,1,5,0,0,201147,Corey Brewer,MIN,Minnesota,1610612750.0,Timberwolves,0,,,,,,0,,,,,,,,MISS Brewer 20' Jump Shot,7:17 PM
31,0,4,33,0020700845,Bosh REBOUND (Off:0 Def:1),,6:37,1,4,0,0,2547,Chris Bosh,TOR,Toronto,1610612761.0,Raptors,0,,,,,,0,,,,,,,,,7:17 PM
32,79,1,34,0020700845,Calderon 16' Pullup Jump Shot (2 PTS),,6:29,1,4,0,0,101181,Jose Calderon,TOR,Toronto,1610612761.0,Raptors,0,,,,,,0,,,,,,15 - 7,-8,,7:17 PM
33,42,1,36,0020700845,,,6:03,1,5,5,0,200751,Randy Foye,MIN,Minnesota,1610612750.0,Timberwolves,201147,Corey Brewer,MIN,Minnesota,1610612750.0,Timberwolves,0,,,,,,17 - 7,-10,Foye  Driving Layup (11 PTS) (Brewer 2 AST),7:18 PM
34,1,2,37,0020700845,MISS Parker  3PT Jump Shot,,5:48,1,4,0,0,1515,Anthony Parker,TOR,Toronto,1610612761.0,Raptors,0,,,,,,0,,,,,,,,,7:18 PM
35,0,4,38,0020700845,Bosh REBOUND (Off:1 Def:1),,5:46,1,4,0,0,2547,Chris Bosh,TOR,Toronto,1610612761.0,Raptors,0,,,,,,0,,,,,,,,,7:18 PM
36,1,1,39,0020700845,Bargnani 25' 3PT Jump Shot (3 PTS) (Calderon 1 AST),,5:40,1,4,4,0,200745,Andrea Bargnani,TOR,Toronto,1610612761.0,Raptors,101181,Jose Calderon,TOR,Toronto,1610612761.0,Raptors,0,,,,,,17 - 10,-7,,7:18 PM
37,1,6,40,0020700845,Bargnani P.FOUL (P2.T1),,5:18,1,4,5,1,200745,Andrea Bargnani,TOR,Toronto,1610612761.0,Raptors,101155,Ryan Gomes,MIN,Minnesota,1610612750.0,Timberwolves,0,,,,,,,,,7:18 PM
38,0,8,41,0020700845,SUB: Nesterovic FOR Bargnani,,5:18,1,4,4,0,200745,Andrea Bargnani,TOR,Toronto,1610612761.0,Raptors,1725,Rasho Nesterovic,TOR,Toronto,1610612761.0,Raptors,0,,,,,,,,,7:19 PM
39,46,1,42,0020700845,,,5:13,1,5,0,0,200751,Randy Foye,MIN,Minnesota,1610612750.0,Timberwolves,0,,,,,,0,,,,,,19 - 10,-9,Foye 9' Running Jump Shot (13 PTS),7:19 PM
40,1,6,43,0020700845,,,4:58,1,5,4,1,2744,Al Jefferson,MIN,Minnesota,1610612750.0,Timberwolves,1725,Rasho Nesterovic,TOR,Toronto,1610612761.0,Raptors,0,,,,,,,,Jefferson P.FOUL (P1.T1),7:19 PM
41,42,1,44,0020700845,Parker  Driving Layup (2 PTS),,4:53,1,4,0,0,1515,Anthony Parker,TOR,Toronto,1610612761.0,Raptors,0,,,,,,0,,,,,,19 - 12,-7,,7:20 PM
42,2,6,45,0020700845,,,4:53,1,5,4,1,101155,Ryan Gomes,MIN,Minnesota,1610612750.0,Timberwolves,1515,Anthony Parker,TOR,Toronto,1610612761.0,Raptors,0,,,,,,,,Gomes S.FOUL (P1.T2),7:20 PM
43,10,3,46,0020700845,Parker Free Throw 1 of 1 (3 PTS),,4:53,1,4,0,0,1515,Anthony Parker,TOR,Toronto,1610612761.0,Raptors,0,,,,,,0,,,,,,19 - 13,-6,,7:20 PM
44,1,5,47,0020700845,,,4:40,1,5,0,0,101155,Ryan Gomes,MIN,Minnesota,1610612750.0,Timberwolves,0,,,,,,0,,,,,,,,Gomes Bad Pass Turnover (P1.T2),7:20 PM
45,49,1,48,0020700845,Parker  Driving Dunk (5 PTS) (Calderon 2 AST),,4:33,1,4,4,0,1515,Anthony Parker,TOR,Toronto,1610612761.0,Raptors,101181,Jose Calderon,TOR,Toronto,1610612761.0,Raptors,0,,,,,,19 - 15,-4,,7:21 PM
46,2,5,49,0020700845,Parker STEAL (2 STL),,4:06,1,5,4,0,101155,Ryan Gomes,MIN,Minnesota,1610612750.0,Timberwolves,1515,Anthony Parker,TOR,Toronto,1610612761.0,Raptors,0,,,,,,,,Gomes Lost Ball Turnover (P2.T3),7:21 PM
47,1,1,50,0020700845,Bosh 26' 3PT Jump Shot (5 PTS) (Moon 1 AST),,3:42,1,4,4,0,2547,Chris Bosh,TOR,Toronto,1610612761.0,Raptors,200081,Jamario Moon,TOR,Toronto,1610612761.0,Raptors,0,,,,,,19 - 18,-1,,7:22 PM
48,1,9,51,0020700845,,,3:41,1,3,0,0,1610612750,,,,,,0,,,,,,0,,,,,,,,Timberwolves Timeout: Regular (Reg.1 Short 0),7:22 PM
49,0,8,53,0020700845,,,3:41,1,5,5,0,201147,Corey Brewer,MIN,Minnesota,1610612750.0,Timberwolves,101119,Rashad McCants,MIN,Minnesota,1610612750.0,Timberwolves,0,,,,,,,,SUB: McCants FOR Brewer,7:24 PM
50,58,1,54,0020700845,,,3:19,1,5,0,0,2744,Al Jefferson,MIN,Minnesota,1610612750.0,Timberwolves,0,,,,,,0,,,,,,21 - 18,-3,Jefferson 10' Turnaround Hook Shot (6 PTS),7:25 PM
51,1,2,55,0020700845,MISS Parker 21' Jump Shot,,3:06,1,4,0,0,1515,Anthony Parker,TOR,Toronto,1610612761.0,Raptors,0,,,,,,0,,,,,,,,,7:25 PM
52,0,4,56,0020700845,Bosh REBOUND (Off:2 Def:1),,3:05,1,4,0,0,2547,Chris Bosh,TOR,Toronto,1610612761.0,Raptors,0,,,,,,0,,,,,,,,,7:25 PM
53,1,2,57,0020700845,MISS Calderon 21' Jump Shot,,2:50,1,4,0,0,101181,Jose Calderon,TOR,Toronto,1610612761.0,Raptors,0,,,,,,0,,,,,,,,,7:25 PM
54,0,4,58,0020700845,Bosh REBOUND (Off:3 Def:1),,2:49,1,4,0,0,2547,Chris Bosh,TOR,Toronto,1610612761.0,Raptors,0,,,,,,0,,,,,,,,,7:25 PM
55,7,1,59,0020700845,Bosh  Dunk (7 PTS),,2:43,1,4,0,0,2547,Chris Bosh,TOR,Toronto,1610612761.0,Raptors,0,,,,,,0,,,,,,21 - 20,-1,,7:25 PM
56,1,1,61,0020700845,,,2:20,1,5,5,0,101155,Ryan Gomes,MIN,Minnesota,1610612750.0,Timberwolves,2744,Al Jefferson,MIN,Minnesota,1610612750.0,Timberwolves,0,,,,,,24 - 20,-4,Gomes 25' 3PT Jump Shot (5 PTS) (Jefferson 2 AST),7:26 PM
57,2,6,62,0020700845,,,1:57,1,5,4,1,101119,Rashad McCants,MIN,Minnesota,1610612750.0,Timberwolves,200081,Jamario Moon,TOR,Toronto,1610612761.0,Raptors,0,,,,,,,,McCants S.FOUL (P1.T3),7:26 PM
58,0,8,63,0020700845,,,1:57,1,5,5,0,101155,Ryan Gomes,MIN,Minnesota,1610612750.0,Timberwolves,689,Theo Ratliff,MIN,Minnesota,1610612750.0,Timberwolves,0,,,,,,,,SUB: Ratliff FOR Gomes,7:26 PM
59,0,8,64,0020700845,,,1:57,1,5,5,0,200751,Randy Foye,MIN,Minnesota,1610612750.0,Timberwolves,2060,Marko Jaric,MIN,Minnesota,1610612750.0,Timberwolves,0,,,,,,,,SUB: Jaric FOR Foye,7:26 PM
60,11,3,65,0020700845,Moon Free Throw 1 of 2 (4 PTS),,1:57,1,4,0,0,200081,Jamario Moon,TOR,Toronto,1610612761.0,Raptors,0,,,,,,0,,,,,,24 - 21,-3,,7:26 PM
61,0,8,66,0020700845,SUB: Ford FOR Calderon,,1:57,1,4,4,0,101181,Jose Calderon,TOR,Toronto,1610612761.0,Raptors,2551,T.J. Ford,TOR,Toronto,1610612761.0,Raptors,0,,,,,,,,,7:27 PM
62,12,3,67,0020700845,Moon Free Throw 2 of 2 (5 PTS),,1:57,1,4,0,0,200081,Jamario Moon,TOR,Toronto,1610612761.0,Raptors,0,,,,,,0,,,,,,24 - 22,-2,,7:27 PM
63,5,2,68,0020700845,,,1:38,1,5,0,0,101119,Rashad McCants,MIN,Minnesota,1610612750.0,Timberwolves,0,,,,,,0,,,,,,,,MISS McCants  Layup,7:27 PM
64,0,4,69,0020700845,Moon REBOUND (Off:0 Def:2),,1:37,1,4,0,0,200081,Jamario Moon,TOR,Toronto,1610612761.0,Raptors,0,,,,,,0,,,,,,,,,7:28 PM
65,63,1,70,0020700845,Ford 15' Fadeaway Jumper (2 PTS),,1:25,1,4,0,0,2551,T.J. Ford,TOR,Toronto,1610612761.0,Raptors,0,,,,,,0,,,,,,24 - 24,TIE,,7:28 PM
66,1,2,71,0020700845,,,1:07,1,5,0,0,2060,Marko Jaric,MIN,Minnesota,1610612750.0,Timberwolves,0,,,,,,0,,,,,,,,MISS Jaric 21' Jump Shot,7:28 PM
67,0,4,72,0020700845,Moon REBOUND (Off:0 Def:3),,1:06,1,4,0,0,200081,Jamario Moon,TOR,Toronto,1610612761.0,Raptors,0,,,,,,0,,,,,,,,,7:28 PM
68,1,2,73,0020700845,MISS Nesterovic 17' Jump Shot,,0:56,1,4,0,0,1725,Rasho Nesterovic,TOR,Toronto,1610612761.0,Raptors,0,,,,,,0,,,,,,,,,7:28 PM
69,0,4,74,0020700845,,,0:55,1,5,0,0,2060,Marko Jaric,MIN,Minnesota,1610612750.0,Timberwolves,0,,,,,,0,,,,,,,,Jaric REBOUND (Off:0 Def:1),7:28 PM
70,2,6,75,0020700845,Nesterovic S.FOUL (P1.T2),,0:43,1,4,5,1,1725,Rasho Nesterovic,TOR,Toronto,1610612761.0,Raptors,2744,Al Jefferson,MIN,Minnesota,1610612750.0,Timberwolves,0,,,,,,,,,7:28 PM
71,0,8,76,0020700845,SUB: Delfino FOR Moon,,0:43,1,4,4,0,200081,Jamario Moon,TOR,Toronto,1610612761.0,Raptors,2568,Carlos Delfino,TOR,Toronto,1610612761.0,Raptors,0,,,,,,,,,7:29 PM
72,11,3,77,0020700845,,,0:43,1,5,0,0,2744,Al Jefferson,MIN,Minnesota,1610612750.0,Timberwolves,0,,,,,,0,,,,,,,,MISS Jefferson Free Throw 1 of 2,7:29 PM
73,1,4,78,0020700845,,,0:43,1,3,0,0,1610612750,,,,,,0,,,,,,0,,,,,,,,Timberwolves Rebound,7:29 PM
74,12,3,79,0020700845,,,0:43,1,5,0,0,2744,Al Jefferson,MIN,Minnesota,1610612750.0,Timberwolves,0,,,,,,0,,,,,,25 - 24,-1,Jefferson Free Throw 2 of 2 (7 PTS),7:29 PM
75,63,1,81,0020700845,Ford 18' Fadeaway Jumper (4 PTS),,0:22,1,4,0,0,2551,T.J. Ford,TOR,Toronto,1610612761.0,Raptors,0,,,,,,0,,,,,,25 - 26,1,,7:30 PM
76,1,1,82,0020700845,,,0:02,1,5,0,0,101119,Rashad McCants,MIN,Minnesota,1610612750.0,Timberwolves,0,,,,,,0,,,,,,27 - 26,-1,McCants 18' Jump Shot (2 PTS),7:30 PM
77,2,6,83,0020700845,Nesterovic S.FOUL (P2.PN),,0:02,1,4,5,1,1725,Rasho Nesterovic,TOR,Toronto,1610612761.0,Raptors,101119,Rashad McCants,MIN,Minnesota,1610612750.0,Timberwolves,0,,,,,,,,,7:30 PM
78,0,8,84,0020700845,,,0:02,1,5,5,0,2742,Sebastian Telfair,MIN,Minnesota,1610612750.0,Timberwolves,2745,Kirk Snyder,MIN,Minnesota,1610612750.0,Timberwolves,0,,,,,,,,SUB: Snyder FOR Telfair,7:31 PM
79,10,3,85,0020700845,,,0:02,1,5,0,0,101119,Rashad McCants,MIN,Minnesota,1610612750.0,Timberwolves,0,,,,,,0,,,,,,28 - 26,-2,McCants Free Throw 1 of 1 (3 PTS),7:31 PM
80,46,2,86,0020700845,MISS Ford 52' 3PT Running Jump Shot,,0:00,1,4,0,0,2551,T.J. Ford,TOR,Toronto,1610612761.0,Raptors,0,,,,,,0,,,,,,,,,7:31 PM
81,0,4,87,0020700845,RAPTORS Rebound,,0:00,1,2,0,0,1610612761,,,,,,0,,,,,,0,,,,,,,,,7:31 PM
82,0,13,89,0020700845,,,0:00,1,0,0,0,0,,,,,,0,,,,,,0,,,,,,28 - 26,-2,,7:31 PM
83,0,12,90,0020700845,,,12:00,2,0,0,0,0,,,,,,0,,,,,,0,,,,,,28 - 26,-2,,7:34 PM
84,1,2,91,0020700845,MISS Bosh 20' Jump Shot,,11:45,2,4,0,0,2547,Chris Bosh,TOR,Toronto,1610612761.0,Raptors,0,,,,,,0,,,,,,,,,7:34 PM
85,0,4,92,0020700845,,,11:44,2,5,0,0,200783,Craig Smith,MIN,Minnesota,1610612750.0,Timberwolves,0,,,,,,0,,,,,,,,Smith REBOUND (Off:0 Def:1),7:34 PM
86,1,2,93,0020700845,,,11:25,2,5,0,0,101119,Rashad McCants,MIN,Minnesota,1610612750.0,Timberwolves,0,,,,,,0,,,,,,,,MISS McCants 25' 3PT Jump Shot,7:35 PM
87,0,4,94,0020700845,RAPTORS Rebound,,11:25,2,2,0,0,1610612761,,,,,,0,,,,,,0,,,,,,,,,7:35 PM
88,3,6,95,0020700845,,,11:25,2,5,4,1,689,Theo Ratliff,MIN,Minnesota,1610612750.0,Timberwolves,1515,Anthony Parker,TOR,Toronto,1610612761.0,Raptors,0,,,,,,,,Ratliff L.B.FOUL (P1.T1),7:35 PM
89,0,8,96,0020700845,SUB: Brezec FOR Nesterovic,,11:25,2,4,4,0,1725,Rasho Nesterovic,TOR,Toronto,1610612761.0,Raptors,2056,Primoz Brezec,TOR,Toronto,1610612761.0,Raptors,0,,,,,,,,,7:35 PM
90,0,8,97,0020700845,SUB: Kapono FOR Parker,,11:25,2,4,4,0,1515,Anthony Parker,TOR,Toronto,1610612761.0,Raptors,2574,Jason Kapono,TOR,Toronto,1610612761.0,Raptors,0,,,,,,,,,7:35 PM
91,1,6,98,0020700845,,,11:17,2,5,4,1,2745,Kirk Snyder,MIN,Minnesota,1610612750.0,Timberwolves,2568,Carlos Delfino,TOR,Toronto,1610612761.0,Raptors,0,,,,,,,,Snyder P.FOUL (P1.T2),7:35 PM
92,11,6,99,0020700845,,,11:17,2,5,0,1,2745,Kirk Snyder,MIN,Minnesota,1610612750.0,Timberwolves,0,,,,,,0,,,,,,,,Snyder T.FOUL (P1.T2),7:36 PM
93,16,3,100,0020700845,Ford Free Throw Technical (5 PTS),,11:17,2,4,0,0,2551,T.J. Ford,TOR,Toronto,1610612761.0,Raptors,0,,,,,,0,,,,,,28 - 27,-1,,7:36 PM
94,2,6,101,0020700845,,,11:03,2,5,4,1,689,Theo Ratliff,MIN,Minnesota,1610612750.0,Timberwolves,2056,Primoz Brezec,TOR,Toronto,1610612761.0,Raptors,0,,,,,,,,Ratliff S.FOUL (P2.T3),7:36 PM
95,11,3,102,0020700845,MISS Brezec Free Throw 1 of 2,,11:03,2,4,0,0,2056,Primoz Brezec,TOR,Toronto,1610612761.0,Raptors,0,,,,,,0,,,,,,,,,7:37 PM
96,1,4,103,0020700845,RAPTORS Rebound,,11:03,2,2,0,0,1610612761,,,,,,0,,,,,,0,,,,,,,,,7:37 PM
97,12,3,104,0020700845,Brezec Free Throw 2 of 2 (1 PTS),,11:03,2,4,0,0,2056,Primoz Brezec,TOR,Toronto,1610612761.0,Raptors,0,,,,,,0,,,,,,28 - 28,TIE,,7:37 PM
98,4,6,105,0020700845,,,10:50,2,5,4,1,200783,Craig Smith,MIN,Minnesota,1610612750.0,Timberwolves,2568,Carlos Delfino,TOR,Toronto,1610612761.0,Raptors,0,,,,,,,,Smith OFF.Foul (P1),7:37 PM
99,5,5,106,0020700845,,,10:50,2,5,0,1,200783,Craig Smith,MIN,Minnesota,1610612750.0,Timberwolves,0,,,,,,0,,,,,,,,Smith Foul Turnover (P1.T4),7:37 PM
100,1,2,107,0020700845,MISS Kapono 20' Jump Shot,,10:40,2,4,0,0,2574,Jason Kapono,TOR,Toronto,1610612761.0,Raptors,0,,,,,,0,,,,,,,,,7:38 PM
101,0,4,108,0020700845,Ford REBOUND (Off:1 Def:0),,10:38,2,4,0,0,2551,T.J. Ford,TOR,Toronto,1610612761.0,Raptors,0,,,,,,0,,,,,,,,,7:38 PM
102,1,6,109,0020700845,,,10:38,2,5,4,1,2060,Marko Jaric,MIN,Minnesota,1610612750.0,Timberwolves,2551,T.J. Ford,TOR,Toronto,1610612761.0,Raptors,0,,,,,,,,Jaric P.FOUL (P1.T4),7:38 PM
103,1,1,110,0020700845,Bosh 14' Jump Shot (9 PTS) (Delfino 1 AST),,10:30,2,4,4,0,2547,Chris Bosh,TOR,Toronto,1610612761.0,Raptors,2568,Carlos Delfino,TOR,Toronto,1610612761.0,Raptors,0,,,,,,28 - 30,2,,7:38 PM
104,1,2,112,0020700845,,,10:11,2,5,0,0,101119,Rashad McCants,MIN,Minnesota,1610612750.0,Timberwolves,0,,,,,,0,,,,,,,,MISS McCants 25' 3PT Jump Shot,7:39 PM
105,0,4,113,0020700845,,,10:10,2,5,0,0,689,Theo Ratliff,MIN,Minnesota,1610612750.0,Timberwolves,0,,,,,,0,,,,,,,,Ratliff REBOUND (Off:1 Def:0),7:39 PM
106,1,5,114,0020700845,Kapono STEAL (1 STL),,9:57,2,5,4,0,2745,Kirk Snyder,MIN,Minnesota,1610612750.0,Timberwolves,2574,Jason Kapono,TOR,Toronto,1610612761.0,Raptors,0,,,,,,,,Snyder Bad Pass Turnover (P1.T5),7:39 PM
107,1,2,115,0020700845,MISS Kapono 16' Jump Shot,,9:50,2,4,0,0,2574,Jason Kapono,TOR,Toronto,1610612761.0,Raptors,0,,,,,,0,,,,,,,,,7:39 PM
108,0,4,116,0020700845,,,9:49,2,5,0,0,200783,Craig Smith,MIN,Minnesota,1610612750.0,Timberwolves,0,,,,,,0,,,,,,,,Smith REBOUND (Off:0 Def:2),7:39 PM
109,1,5,117,0020700845,Kapono STEAL (2 STL),,9:46,2,5,4,0,200783,Craig Smith,MIN,Minnesota,1610612750.0,Timberwolves,2574,Jason Kapono,TOR,Toronto,1610612761.0,Raptors,0,,,,,,,,Smith Bad Pass Turnover (P2.T6),7:39 PM
110,5,1,118,0020700845,Kapono  Layup (2 PTS),,9:43,2,4,0,0,2574,Jason Kapono,TOR,Toronto,1610612761.0,Raptors,0,,,,,,0,,,,,,28 - 32,4,,7:39 PM
111,5,1,119,0020700845,,,9:26,2,5,5,0,200783,Craig Smith,MIN,Minnesota,1610612750.0,Timberwolves,2745,Kirk Snyder,MIN,Minnesota,1610612750.0,Timberwolves,0,,,,,,30 - 32,2,Smith  Layup (2 PTS) (Snyder 1 AST),7:39 PM
112,2,6,120,0020700845,,,9:19,2,5,4,1,101119,Rashad McCants,MIN,Minnesota,1610612750.0,Timberwolves,2551,T.J. Ford,TOR,Toronto,1610612761.0,Raptors,0,,,,,,,,McCants S.FOUL (P2.PN),7:40 PM
113,11,3,121,0020700845,Ford Free Throw 1 of 2 (6 PTS),,9:19,2,4,0,0,2551,T.J. Ford,TOR,Toronto,1610612761.0,Raptors,0,,,,,,0,,,,,,30 - 33,3,,7:40 PM
114,0,8,122,0020700845,SUB: Bargnani FOR Bosh,,9:19,2,4,4,0,2547,Chris Bosh,TOR,Toronto,1610612761.0,Raptors,200745,Andrea Bargnani,TOR,Toronto,1610612761.0,Raptors,0,,,,,,,,,7:40 PM
115,12,3,123,0020700845,Ford Free Throw 2 of 2 (7 PTS),,9:19,2,4,0,0,2551,T.J. Ford,TOR,Toronto,1610612761.0,Raptors,0,,,,,,0,,,,,,30 - 34,4,,7:40 PM
116,40,5,124,0020700845,,,9:07,2,5,0,0,101119,Rashad McCants,MIN,Minnesota,1610612750.0,Timberwolves,0,,,,,,0,,,,,,,,McCants Out of Bounds Lost Ball Turnover (P1.T7),7:41 PM
117,1,5,125,0020700845,Delfino Bad Pass Turnover (P1.T2),,8:54,2,4,5,0,2568,Carlos Delfino,TOR,Toronto,1610612761.0,Raptors,2745,Kirk Snyder,MIN,Minnesota,1610612750.0,Timberwolves,0,,,,,,,,Snyder STEAL (1 STL),7:41 PM
118,1,6,126,0020700845,Ford P.FOUL (P1.T1),,8:52,2,4,5,1,2551,T.J. Ford,TOR,Toronto,1610612761.0,Raptors,2060,Marko Jaric,MIN,Minnesota,1610612750.0,Timberwolves,0,,,,,,,,,7:41 PM
119,4,9,127,0020700845,,,8:52,2,1,0,0,0,,,,,,0,,,,,,0,,,,,,,,,7:41 PM
120,2,7,131,0020700845,Bargnani Violation:Defensive Goaltending,,8:40,2,4,0,1,200745,Andrea Bargnani,TOR,Toronto,1610612761.0,Raptors,0,,,,,,0,,,,,,,,,7:44 PM
121,41,1,130,0020700845,,,8:40,2,5,0,0,101119,Rashad McCants,MIN,Minnesota,1610612750.0,Timberwolves,0,,,,,,0,,,,,,32 - 34,2,McCants  Running Layup (5 PTS),7:44 PM
122,1,2,132,0020700845,MISS Brezec 11' Jump Shot,,8:29,2,4,0,0,2056,Primoz Brezec,TOR,Toronto,1610612761.0,Raptors,0,,,,,,0,,,,,,,,,7:44 PM
123,0,4,133,0020700845,,,8:27,2,5,0,0,101119,Rashad McCants,MIN,Minnesota,1610612750.0,Timberwolves,0,,,,,,0,,,,,,,,McCants REBOUND (Off:0 Def:1),7:44 PM
124,1,6,134,0020700845,Kapono P.FOUL (P1.T2),,8:17,2,4,5,1,2574,Jason Kapono,TOR,Toronto,1610612761.0,Raptors,200783,Craig Smith,MIN,Minnesota,1610612750.0,Timberwolves,0,,,,,,,,,7:45 PM
125,0,8,135,0020700845,,,8:17,2,5,5,0,2745,Kirk Snyder,MIN,Minnesota,1610612750.0,Timberwolves,200751,Randy Foye,MIN,Minnesota,1610612750.0,Timberwolves,0,,,,,,,,SUB: Foye FOR Snyder,7:45 PM
126,4,5,137,0020700845,,,8:12,2,5,0,1,2060,Marko Jaric,MIN,Minnesota,1610612750.0,Timberwolves,0,,,,,,0,,,,,,,,Jaric Traveling Turnover (P1.T8),7:45 PM
127,47,1,138,0020700845,Brezec 12' Turnaround Jump Shot (3 PTS) (Bargnani 2 AST),,8:01,2,4,4,0,2056,Primoz Brezec,TOR,Toronto,1610612761.0,Raptors,200745,Andrea Bargnani,TOR,Toronto,1610612761.0,Raptors,0,,,,,,32 - 36,4,,7:46 PM
128,4,5,139,0020700845,,,7:43,2,5,0,1,200783,Craig Smith,MIN,Minnesota,1610612750.0,Timberwolves,0,,,,,,0,,,,,,,,Smith Traveling Turnover (P3.T9),7:46 PM
129,1,2,140,0020700845,MISS Bargnani 25' 3PT Jump Shot,,7:35,2,4,0,0,200745,Andrea Bargnani,TOR,Toronto,1610612761.0,Raptors,0,,,,,,0,,,,,,,,,7:46 PM
130,0,4,141,0020700845,Kapono REBOUND (Off:1 Def:0),,7:34,2,4,0,0,2574,Jason Kapono,TOR,Toronto,1610612761.0,Raptors,0,,,,,,0,,,,,,,,,7:47 PM
131,1,2,142,0020700845,MISS Kapono 20' Jump Shot,,7:26,2,4,0,0,2574,Jason Kapono,TOR,Toronto,1610612761.0,Raptors,0,,,,,,0,,,,,,,,,7:47 PM
132,0,4,143,0020700845,,,7:25,2,3,0,0,1610612750,,,,,,0,,,,,,0,,,,,,,,Timberwolves Rebound,7:47 PM
133,0,8,144,0020700845,,,7:24,2,5,5,0,689,Theo Ratliff,MIN,Minnesota,1610612750.0,Timberwolves,101155,Ryan Gomes,MIN,Minnesota,1610612750.0,Timberwolves,0,,,,,,,,SUB: Gomes FOR Ratliff,7:47 PM
134,2,6,145,0020700845,Delfino S.FOUL (P1.T3),,7:13,2,4,5,1,2568,Carlos Delfino,TOR,Toronto,1610612761.0,Raptors,200783,Craig Smith,MIN,Minnesota,1610612750.0,Timberwolves,0,,,,,,,,,7:47 PM
135,0,8,146,0020700845,,,7:13,2,5,5,0,2060,Marko Jaric,MIN,Minnesota,1610612750.0,Timberwolves,2742,Sebastian Telfair,MIN,Minnesota,1610612750.0,Timberwolves,0,,,,,,,,SUB: Telfair FOR Jaric,7:47 PM
136,11,3,147,0020700845,,,7:13,2,5,0,0,200783,Craig Smith,MIN,Minnesota,1610612750.0,Timberwolves,0,,,,,,0,,,,,,33 - 36,3,Smith Free Throw 1 of 2 (3 PTS),7:47 PM
137,12,3,148,0020700845,,,7:13,2,5,0,0,200783,Craig Smith,MIN,Minnesota,1610612750.0,Timberwolves,0,,,,,,0,,,,,,34 - 36,2,Smith Free Throw 2 of 2 (4 PTS),7:48 PM
138,1,2,149,0020700845,MISS Delfino 27' 3PT Jump Shot,,6:56,2,4,0,0,2568,Carlos Delfino,TOR,Toronto,1610612761.0,Raptors,0,,,,,,0,,,,,,,,,7:48 PM
139,0,4,150,0020700845,,,6:55,2,5,0,0,101155,Ryan Gomes,MIN,Minnesota,1610612750.0,Timberwolves,0,,,,,,0,,,,,,,,Gomes REBOUND (Off:0 Def:1),7:48 PM
140,17,6,151,0020700845,RAPTORS T.Foul (Def. 3 Sec Brezec ),,6:42,2,4,0,1,2056,Primoz Brezec,TOR,Toronto,1610612761.0,Raptors,0,,,,,,0,,,,,,,,,7:49 PM
141,16,3,152,0020700845,,,6:42,2,5,0,0,101119,Rashad McCants,MIN,Minnesota,1610612750.0,Timberwolves,0,,,,,,0,,,,,,35 - 36,1,McCants Free Throw Technical (6 PTS),7:49 PM
142,1,1,153,0020700845,,,6:32,2,5,5,0,101119,Rashad McCants,MIN,Minnesota,1610612750.0,Timberwolves,101155,Ryan Gomes,MIN,Minnesota,1610612750.0,Timberwolves,0,,,,,,37 - 36,-1,McCants 22' Jump Shot (8 PTS) (Gomes 2 AST),7:50 PM
143,75,2,154,0020700845,MISS Ford  Driving Finger Roll Layup,,6:17,2,4,0,0,2551,T.J. Ford,TOR,Toronto,1610612761.0,Raptors,0,,,,,,0,,,,,,,,,7:50 PM
144,0,4,155,0020700845,Brezec REBOUND (Off:1 Def:0),,6:15,2,4,0,0,2056,Primoz Brezec,TOR,Toronto,1610612761.0,Raptors,0,,,,,,0,,,,,,,,,7:50 PM
145,63,1,156,0020700845,Ford 14' Fadeaway Jumper (9 PTS),,6:10,2,4,0,0,2551,T.J. Ford,TOR,Toronto,1610612761.0,Raptors,0,,,,,,0,,,,,,37 - 38,1,,7:50 PM
146,2,5,157,0020700845,Ford STEAL (1 STL),,5:54,2,5,4,0,200751,Randy Foye,MIN,Minnesota,1610612750.0,Timberwolves,2551,T.J. Ford,TOR,Toronto,1610612761.0,Raptors,0,,,,,,,,Foye Lost Ball Turnover (P2.T10),7:50 PM
147,1,6,158,0020700845,,,5:54,2,5,4,1,200783,Craig Smith,MIN,Minnesota,1610612750.0,Timberwolves,2551,T.J. Ford,TOR,Toronto,1610612761.0,Raptors,0,,,,,,,,Smith P.FOUL (P2.PN),7:50 PM
148,1,9,159,0020700845,RAPTORS Timeout: Regular (Full 2 Short 0),,5:54,2,2,0,0,1610612761,,,,,,0,,,,,,0,,,,,,,,,7:51 PM
149,0,8,160,0020700845,,,5:54,2,5,5,0,200783,Craig Smith,MIN,Minnesota,1610612750.0,Timberwolves,2744,Al Jefferson,MIN,Minnesota,1610612750.0,Timberwolves,0,,,,,,,,SUB: Jefferson FOR Smith,7:53 PM
150,0,8,161,0020700845,SUB: Bosh FOR Brezec,,5:54,2,4,4,0,2056,Primoz Brezec,TOR,Toronto,1610612761.0,Raptors,2547,Chris Bosh,TOR,Toronto,1610612761.0,Raptors,0,,,,,,,,,7:53 PM
151,0,8,162,0020700845,SUB: Parker FOR Kapono,,5:54,2,4,4,0,2574,Jason Kapono,TOR,Toronto,1610612761.0,Raptors,1515,Anthony Parker,TOR,Toronto,1610612761.0,Raptors,0,,,,,,,,,7:53 PM
152,11,3,163,0020700845,Ford Free Throw 1 of 2 (10 PTS),,5:54,2,4,0,0,2551,T.J. Ford,TOR,Toronto,1610612761.0,Raptors,0,,,,,,0,,,,,,37 - 39,2,,7:53 PM
153,12,3,164,0020700845,Ford Free Throw 2 of 2 (11 PTS),,5:54,2,4,0,0,2551,T.J. Ford,TOR,Toronto,1610612761.0,Raptors,0,,,,,,0,,,,,,37 - 40,3,,7:54 PM
154,1,2,165,0020700845,,,5:32,2,5,0,0,2742,Sebastian Telfair,MIN,Minnesota,1610612750.0,Timberwolves,0,,,,,,0,,,,,,,,MISS Telfair  3PT Jump Shot,7:54 PM
155,0,4,166,0020700845,Ford REBOUND (Off:1 Def:1),,5:30,2,4,0,0,2551,T.J. Ford,TOR,Toronto,1610612761.0,Raptors,0,,,,,,0,,,,,,,,,7:54 PM
156,42,1,167,0020700845,Bargnani  Driving Layup (5 PTS) (Parker 1 AST),,5:21,2,4,4,0,200745,Andrea Bargnani,TOR,Toronto,1610612761.0,Raptors,1515,Anthony Parker,TOR,Toronto,1610612761.0,Raptors,0,,,,,,37 - 42,5,,7:54 PM
157,79,1,168,0020700845,,,4:56,2,5,0,0,101119,Rashad McCants,MIN,Minnesota,1610612750.0,Timberwolves,0,,,,,,0,,,,,,39 - 42,3,McCants 19' Pullup Jump Shot (10 PTS),7:55 PM
158,2,5,169,0020700845,Bosh Lost Ball Turnover (P1.T3),,4:39,2,4,5,0,2547,Chris Bosh,TOR,Toronto,1610612761.0,Raptors,2744,Al Jefferson,MIN,Minnesota,1610612750.0,Timberwolves,0,,,,,,,,Jefferson STEAL (1 STL),7:55 PM
159,42,1,170,0020700845,,,4:35,2,5,5,0,2742,Sebastian Telfair,MIN,Minnesota,1610612750.0,Timberwolves,200751,Randy Foye,MIN,Minnesota,1610612750.0,Timberwolves,0,,,,,,41 - 42,1,Telfair  Driving Layup (2 PTS) (Foye 1 AST),7:55 PM
160,2,6,171,0020700845,,,4:23,2,5,4,1,2742,Sebastian Telfair,MIN,Minnesota,1610612750.0,Timberwolves,2551,T.J. Ford,TOR,Toronto,1610612761.0,Raptors,0,,,,,,,,Telfair S.FOUL (P1.PN),7:55 PM
161,11,3,172,0020700845,Ford Free Throw 1 of 2 (12 PTS),,4:23,2,4,0,0,2551,T.J. Ford,TOR,Toronto,1610612761.0,Raptors,0,,,,,,0,,,,,,41 - 43,2,,7:56 PM
162,0,8,173,0020700845,SUB: Moon FOR Delfino,,4:23,2,4,4,0,2568,Carlos Delfino,TOR,Toronto,1610612761.0,Raptors,200081,Jamario Moon,TOR,Toronto,1610612761.0,Raptors,0,,,,,,,,,7:56 PM
163,12,3,174,0020700845,Ford Free Throw 2 of 2 (13 PTS),,4:23,2,4,0,0,2551,T.J. Ford,TOR,Toronto,1610612761.0,Raptors,0,,,,,,0,,,,,,41 - 44,3,,7:56 PM
164,4,5,175,0020700845,,,4:10,2,5,0,1,2742,Sebastian Telfair,MIN,Minnesota,1610612750.0,Timberwolves,0,,,,,,0,,,,,,,,Telfair Traveling Turnover (P1.T11),7:56 PM
165,0,8,176,0020700845,SUB: Calderon FOR Ford,,4:10,2,4,4,0,2551,T.J. Ford,TOR,Toronto,1610612761.0,Raptors,101181,Jose Calderon,TOR,Toronto,1610612761.0,Raptors,0,,,,,,,,,7:56 PM
166,1,2,177,0020700845,MISS Bosh 10' Jump Shot,,3:50,2,4,0,5,2547,Chris Bosh,TOR,Toronto,1610612761.0,Raptors,0,,,,,,2744,Al Jefferson,MIN,Minnesota,1610612750.0,Timberwolves,,,Jefferson BLOCK (1 BLK),7:57 PM
167,0,4,178,0020700845,,,3:48,2,5,0,0,2744,Al Jefferson,MIN,Minnesota,1610612750.0,Timberwolves,0,,,,,,0,,,,,,,,Jefferson REBOUND (Off:0 Def:3),7:57 PM
168,1,2,179,0020700845,,,3:25,2,5,0,0,101119,Rashad McCants,MIN,Minnesota,1610612750.0,Timberwolves,0,,,,,,0,,,,,,,,MISS McCants 25' 3PT Jump Shot,7:58 PM
169,0,4,180,0020700845,Bargnani REBOUND (Off:0 Def:2),,3:24,2,4,0,0,200745,Andrea Bargnani,TOR,Toronto,1610612761.0,Raptors,0,,,,,,0,,,,,,,,,7:58 PM
170,1,2,181,0020700845,MISS Bargnani 25' 3PT Jump Shot,,3:13,2,4,0,0,200745,Andrea Bargnani,TOR,Toronto,1610612761.0,Raptors,0,,,,,,0,,,,,,,,,7:58 PM
171,0,4,182,0020700845,,,3:13,2,5,0,0,101119,Rashad McCants,MIN,Minnesota,1610612750.0,Timberwolves,0,,,,,,0,,,,,,,,McCants REBOUND (Off:0 Def:2),7:58 PM
172,1,5,183,0020700845,Parker STEAL (3 STL),,3:03,2,5,4,0,2742,Sebastian Telfair,MIN,Minnesota,1610612750.0,Timberwolves,1515,Anthony Parker,TOR,Toronto,1610612761.0,Raptors,0,,,,,,,,Telfair Bad Pass Turnover (P2.T12),7:58 PM
173,2,6,184,0020700845,,,2:53,2,5,4,1,2744,Al Jefferson,MIN,Minnesota,1610612750.0,Timberwolves,2547,Chris Bosh,TOR,Toronto,1610612761.0,Raptors,0,,,,,,,,Jefferson S.FOUL (P2.PN),7:58 PM
174,1,9,185,0020700845,,,2:53,2,3,0,0,1610612750,,,,,,0,,,,,,0,,,,,,,,Timberwolves Timeout: Regular (Reg.2 Short 0),7:58 PM
175,11,3,189,0020700845,MISS Bosh Free Throw 1 of 2,,2:53,2,4,0,0,2547,Chris Bosh,TOR,Toronto,1610612761.0,Raptors,0,,,,,,0,,,,,,,,,8:01 PM
176,1,4,190,0020700845,RAPTORS Rebound,,2:53,2,2,0,0,1610612761,,,,,,0,,,,,,0,,,,,,,,,8:01 PM
177,12,3,191,0020700845,Bosh Free Throw 2 of 2 (10 PTS),,2:53,2,4,0,0,2547,Chris Bosh,TOR,Toronto,1610612761.0,Raptors,0,,,,,,0,,,,,,41 - 45,4,,8:01 PM
178,58,1,192,0020700845,,,2:40,2,5,5,0,2744,Al Jefferson,MIN,Minnesota,1610612750.0,Timberwolves,101119,Rashad McCants,MIN,Minnesota,1610612750.0,Timberwolves,0,,,,,,43 - 45,2,Jefferson 8' Turnaround Hook Shot (9 PTS) (McCants 1 AST),8:01 PM
179,5,1,193,0020700845,Moon  Layup (7 PTS) (Parker 2 AST),,2:24,2,4,4,0,200081,Jamario Moon,TOR,Toronto,1610612761.0,Raptors,1515,Anthony Parker,TOR,Toronto,1610612761.0,Raptors,0,,,,,,43 - 47,4,,8:02 PM
180,1,5,194,0020700845,Calderon STEAL (1 STL),,2:09,2,5,4,0,2744,Al Jefferson,MIN,Minnesota,1610612750.0,Timberwolves,101181,Jose Calderon,TOR,Toronto,1610612761.0,Raptors,0,,,,,,,,Jefferson Bad Pass Turnover (P1.T13),8:02 PM
181,42,1,195,0020700845,Bargnani  Driving Layup (7 PTS) (Calderon 3 AST),,1:57,2,4,4,0,200745,Andrea Bargnani,TOR,Toronto,1610612761.0,Raptors,101181,Jose Calderon,TOR,Toronto,1610612761.0,Raptors,0,,,,,,43 - 49,6,,8:02 PM
182,4,6,197,0020700845,,,1:39,2,5,4,1,2744,Al Jefferson,MIN,Minnesota,1610612750.0,Timberwolves,200745,Andrea Bargnani,TOR,Toronto,1610612761.0,Raptors,0,,,,,,,,Jefferson OFF.Foul (P3),8:03 PM
183,5,5,198,0020700845,,,1:39,2,5,0,1,2744,Al Jefferson,MIN,Minnesota,1610612750.0,Timberwolves,0,,,,,,0,,,,,,,,Jefferson Foul Turnover (P2.T14),8:03 PM
184,0,8,199,0020700845,,,1:39,2,5,5,0,2744,Al Jefferson,MIN,Minnesota,1610612750.0,Timberwolves,200783,Craig Smith,MIN,Minnesota,1610612750.0,Timberwolves,0,,,,,,,,SUB: Smith FOR Jefferson,8:03 PM
185,2,6,200,0020700845,,,1:33,2,5,4,1,200783,Craig Smith,MIN,Minnesota,1610612750.0,Timberwolves,2547,Chris Bosh,TOR,Toronto,1610612761.0,Raptors,0,,,,,,,,Smith S.FOUL (P3.PN),8:03 PM
186,11,3,201,0020700845,Bosh Free Throw 1 of 2 (11 PTS),,1:33,2,4,0,0,2547,Chris Bosh,TOR,Toronto,1610612761.0,Raptors,0,,,,,,0,,,,,,43 - 50,7,,8:03 PM
187,0,8,202,0020700845,,,1:33,2,5,5,0,200783,Craig Smith,MIN,Minnesota,1610612750.0,Timberwolves,201181,Chris Richard,MIN,Minnesota,1610612750.0,Timberwolves,0,,,,,,,,SUB: Richard FOR Smith,8:04 PM
188,0,8,203,0020700845,SUB: Nesterovic FOR Bargnani,,1:33,2,4,4,0,200745,Andrea Bargnani,TOR,Toronto,1610612761.0,Raptors,1725,Rasho Nesterovic,TOR,Toronto,1610612761.0,Raptors,0,,,,,,,,,8:04 PM
189,12,3,204,0020700845,Bosh Free Throw 2 of 2 (12 PTS),,1:33,2,4,0,0,2547,Chris Bosh,TOR,Toronto,1610612761.0,Raptors,0,,,,,,0,,,,,,43 - 51,8,,8:04 PM
190,1,2,205,0020700845,,,1:16,2,5,0,0,101119,Rashad McCants,MIN,Minnesota,1610612750.0,Timberwolves,0,,,,,,0,,,,,,,,MISS McCants 25' 3PT Jump Shot,8:04 PM
191,0,4,206,0020700845,Calderon REBOUND (Off:0 Def:1),,1:15,2,4,0,0,101181,Jose Calderon,TOR,Toronto,1610612761.0,Raptors,0,,,,,,0,,,,,,,,,8:04 PM
192,1,2,207,0020700845,MISS Parker  3PT Jump Shot,,1:02,2,4,0,0,1515,Anthony Parker,TOR,Toronto,1610612761.0,Raptors,0,,,,,,0,,,,,,,,,8:05 PM
193,0,4,208,0020700845,Nesterovic REBOUND (Off:1 Def:0),,1:01,2,4,0,0,1725,Rasho Nesterovic,TOR,Toronto,1610612761.0,Raptors,0,,,,,,0,,,,,,,,,8:05 PM
194,1,2,209,0020700845,MISS Calderon 22' Jump Shot,,0:47,2,4,0,0,101181,Jose Calderon,TOR,Toronto,1610612761.0,Raptors,0,,,,,,0,,,,,,,,,8:05 PM
195,0,4,210,0020700845,,,0:45,2,5,0,0,201181,Chris Richard,MIN,Minnesota,1610612750.0,Timberwolves,0,,,,,,0,,,,,,,,Richard REBOUND (Off:0 Def:1),8:05 PM
196,1,2,211,0020700845,,,0:37,2,5,0,0,2742,Sebastian Telfair,MIN,Minnesota,1610612750.0,Timberwolves,0,,,,,,0,,,,,,,,MISS Telfair 22' Jump Shot,8:05 PM
197,0,4,212,0020700845,Moon REBOUND (Off:0 Def:4),,0:36,2,4,0,0,200081,Jamario Moon,TOR,Toronto,1610612761.0,Raptors,0,,,,,,0,,,,,,,,,8:05 PM
198,1,2,214,0020700845,MISS Moon 19' Jump Shot,,0:23,2,4,0,0,200081,Jamario Moon,TOR,Toronto,1610612761.0,Raptors,0,,,,,,0,,,,,,,,,8:05 PM
199,0,4,215,0020700845,,,0:22,2,5,0,0,200751,Randy Foye,MIN,Minnesota,1610612750.0,Timberwolves,0,,,,,,0,,,,,,,,Foye REBOUND (Off:0 Def:1),8:05 PM
200,1,6,216,0020700845,Parker P.FOUL (P1.T4),,0:05,2,4,5,1,1515,Anthony Parker,TOR,Toronto,1610612761.0,Raptors,200751,Randy Foye,MIN,Minnesota,1610612750.0,Timberwolves,0,,,,,,,,,8:06 PM
201,2,9,217,0020700845,,,0:05,2,3,0,0,1610612750,,,,,,0,,,,,,0,,,,,,,,Timberwolves Timeout: Short (Reg.2 Short 1),8:06 PM
202,1,2,220,0020700845,,,0:01,2,5,0,0,101119,Rashad McCants,MIN,Minnesota,1610612750.0,Timberwolves,0,,,,,,0,,,,,,,,MISS McCants 24' 3PT Jump Shot,8:07 PM
203,0,4,221,0020700845,,,0:00,2,3,0,0,1610612750,,,,,,0,,,,,,0,,,,,,,,Timberwolves Rebound,8:07 PM
204,0,13,222,0020700845,,,0:00,2,0,0,0,0,,,,,,0,,,,,,0,,,,,,43 - 51,8,,8:07 PM
205,0,12,224,0020700845,,,12:00,3,0,0,0,0,,,,,,0,,,,,,0,,,,,,43 - 51,8,,8:24 PM
206,42,1,225,0020700845,Bosh  Driving Layup (14 PTS) (Parker 3 AST),,11:43,3,4,4,0,2547,Chris Bosh,TOR,Toronto,1610612761.0,Raptors,1515,Anthony Parker,TOR,Toronto,1610612761.0,Raptors,0,,,,,,43 - 53,10,,8:25 PM
207,43,2,226,0020700845,,,11:20,3,5,0,0,201147,Corey Brewer,MIN,Minnesota,1610612750.0,Timberwolves,0,,,,,,0,,,,,,,,MISS Brewer  Alley Oop Layup,8:26 PM
208,0,4,227,0020700845,Bargnani REBOUND (Off:0 Def:3),,11:18,3,4,0,0,200745,Andrea Bargnani,TOR,Toronto,1610612761.0,Raptors,0,,,,,,0,,,,,,,,,8:26 PM
209,1,1,228,0020700845,Bosh 17' Jump Shot (16 PTS),,11:01,3,4,0,0,2547,Chris Bosh,TOR,Toronto,1610612761.0,Raptors,0,,,,,,0,,,,,,43 - 55,12,,8:26 PM
210,1,1,229,0020700845,,,10:42,3,5,5,0,200751,Randy Foye,MIN,Minnesota,1610612750.0,Timberwolves,2742,Sebastian Telfair,MIN,Minnesota,1610612750.0,Timberwolves,0,,,,,,46 - 55,9,Foye 24' 3PT Jump Shot (16 PTS) (Telfair 3 AST),8:26 PM
211,46,1,230,0020700845,Parker 15' Running Jump Shot (7 PTS),,10:17,3,4,0,0,1515,Anthony Parker,TOR,Toronto,1610612761.0,Raptors,0,,,,,,0,,,,,,46 - 57,11,,8:27 PM
212,42,2,231,0020700845,,,9:59,3,5,0,0,101155,Ryan Gomes,MIN,Minnesota,1610612750.0,Timberwolves,0,,,,,,0,,,,,,,,MISS Gomes  Driving Layup,8:27 PM
213,0,4,232,0020700845,Bargnani REBOUND (Off:0 Def:4),,9:57,3,4,0,0,200745,Andrea Bargnani,TOR,Toronto,1610612761.0,Raptors,0,,,,,,0,,,,,,,,,8:27 PM
214,49,1,233,0020700845,Moon  Driving Dunk (9 PTS) (Calderon 4 AST),,9:52,3,4,4,0,200081,Jamario Moon,TOR,Toronto,1610612761.0,Raptors,101181,Jose Calderon,TOR,Toronto,1610612761.0,Raptors,0,,,,,,46 - 59,13,,8:27 PM
215,1,5,234,0020700845,,,9:26,3,5,0,0,200751,Randy Foye,MIN,Minnesota,1610612750.0,Timberwolves,0,,,,,,0,,,,,,,,Foye Bad Pass Turnover (P3.T15),8:28 PM
216,80,2,235,0020700845,MISS Bosh 17' Step Back Jump Shot,,9:15,3,4,0,0,2547,Chris Bosh,TOR,Toronto,1610612761.0,Raptors,0,,,,,,0,,,,,,,,,8:28 PM
217,0,4,236,0020700845,Moon REBOUND (Off:1 Def:4),,9:13,3,4,0,0,200081,Jamario Moon,TOR,Toronto,1610612761.0,Raptors,0,,,,,,0,,,,,,,,,8:28 PM
218,78,1,237,0020700845,Bargnani 19' Floating Jump Shot (9 PTS) (Bosh 1 AST),,9:00,3,4,4,0,200745,Andrea Bargnani,TOR,Toronto,1610612761.0,Raptors,2547,Chris Bosh,TOR,Toronto,1610612761.0,Raptors,0,,,,,,46 - 61,15,,8:28 PM
219,1,9,238,0020700845,,,8:51,3,3,0,0,1610612750,,,,,,0,,,,,,0,,,,,,,,Timberwolves Timeout: Regular (Reg.3 Short 1),8:29 PM
220,0,8,240,0020700845,,,8:51,3,5,5,0,201147,Corey Brewer,MIN,Minnesota,1610612750.0,Timberwolves,2745,Kirk Snyder,MIN,Minnesota,1610612750.0,Timberwolves,0,,,,,,,,SUB: Snyder FOR Brewer,8:31 PM
221,65,1,241,0020700845,,,8:33,3,5,5,0,2744,Al Jefferson,MIN,Minnesota,1610612750.0,Timberwolves,2742,Sebastian Telfair,MIN,Minnesota,1610612750.0,Timberwolves,0,,,,,,48 - 61,13,Jefferson 8' Jump Hook Shot (11 PTS) (Telfair 4 AST),8:32 PM
222,42,1,242,0020700845,Calderon  Driving Layup (4 PTS),,8:17,3,4,0,0,101181,Jose Calderon,TOR,Toronto,1610612761.0,Raptors,0,,,,,,0,,,,,,48 - 63,15,,8:32 PM
223,2,6,243,0020700845,Calderon S.FOUL (P1.T1),,8:05,3,4,5,1,101181,Jose Calderon,TOR,Toronto,1610612761.0,Raptors,2744,Al Jefferson,MIN,Minnesota,1610612750.0,Timberwolves,0,,,,,,,,,8:32 PM
224,11,3,244,0020700845,,,8:05,3,5,0,0,2744,Al Jefferson,MIN,Minnesota,1610612750.0,Timberwolves,0,,,,,,0,,,,,,49 - 63,14,Jefferson Free Throw 1 of 2 (12 PTS),8:33 PM
225,12,3,245,0020700845,,,8:05,3,5,0,0,2744,Al Jefferson,MIN,Minnesota,1610612750.0,Timberwolves,0,,,,,,0,,,,,,50 - 63,13,Jefferson Free Throw 2 of 2 (13 PTS),8:33 PM
226,1,6,246,0020700845,,,7:49,3,5,4,1,200751,Randy Foye,MIN,Minnesota,1610612750.0,Timberwolves,200745,Andrea Bargnani,TOR,Toronto,1610612761.0,Raptors,0,,,,,,,,Foye P.FOUL (P1.T1),8:33 PM
227,1,1,247,0020700845,Bosh 19' Jump Shot (18 PTS) (Calderon 5 AST),,7:43,3,4,4,0,2547,Chris Bosh,TOR,Toronto,1610612761.0,Raptors,101181,Jose Calderon,TOR,Toronto,1610612761.0,Raptors,0,,,,,,50 - 65,15,,8:34 PM
228,2,6,248,0020700845,Bosh S.FOUL (P1.T2),,7:22,3,4,5,1,2547,Chris Bosh,TOR,Toronto,1610612761.0,Raptors,2744,Al Jefferson,MIN,Minnesota,1610612750.0,Timberwolves,0,,,,,,,,,8:34 PM
229,11,3,249,0020700845,,,7:22,3,5,0,0,2744,Al Jefferson,MIN,Minnesota,1610612750.0,Timberwolves,0,,,,,,0,,,,,,51 - 65,14,Jefferson Free Throw 1 of 2 (14 PTS),8:34 PM
230,12,3,250,0020700845,,,7:22,3,5,0,0,2744,Al Jefferson,MIN,Minnesota,1610612750.0,Timberwolves,0,,,,,,0,,,,,,52 - 65,13,Jefferson Free Throw 2 of 2 (15 PTS),8:35 PM
231,1,2,251,0020700845,MISS Parker  3PT Jump Shot,,7:03,3,4,0,0,1515,Anthony Parker,TOR,Toronto,1610612761.0,Raptors,0,,,,,,0,,,,,,,,,8:35 PM
232,0,4,252,0020700845,,,7:02,3,5,0,0,200751,Randy Foye,MIN,Minnesota,1610612750.0,Timberwolves,0,,,,,,0,,,,,,,,Foye REBOUND (Off:0 Def:2),8:35 PM
233,52,1,253,0020700845,,,6:57,3,5,5,0,2745,Kirk Snyder,MIN,Minnesota,1610612750.0,Timberwolves,2742,Sebastian Telfair,MIN,Minnesota,1610612750.0,Timberwolves,0,,,,,,54 - 65,11,Snyder  Alley Oop Dunk (2 PTS) (Telfair 5 AST),8:35 PM
234,1,2,254,0020700845,MISS Moon  3PT Jump Shot,,6:40,3,4,0,0,200081,Jamario Moon,TOR,Toronto,1610612761.0,Raptors,0,,,,,,0,,,,,,,,,8:35 PM
235,0,4,255,0020700845,,,6:39,3,5,0,0,101155,Ryan Gomes,MIN,Minnesota,1610612750.0,Timberwolves,0,,,,,,0,,,,,,,,Gomes REBOUND (Off:0 Def:2),8:35 PM
236,47,2,256,0020700845,Moon BLOCK (1 BLK),,6:20,3,5,0,4,101155,Ryan Gomes,MIN,Minnesota,1610612750.0,Timberwolves,0,,,,,,200081,Jamario Moon,TOR,Toronto,1610612761.0,Raptors,,,MISS Gomes 10' Turnaround Jump Shot,8:36 PM
237,0,4,257,0020700845,Bosh REBOUND (Off:3 Def:2),,6:18,3,4,0,0,2547,Chris Bosh,TOR,Toronto,1610612761.0,Raptors,0,,,,,,0,,,,,,,,,8:36 PM
238,73,1,258,0020700845,Bargnani  Driving Reverse Layup (11 PTS) (Parker 4 AST),,6:15,3,4,4,0,200745,Andrea Bargnani,TOR,Toronto,1610612761.0,Raptors,1515,Anthony Parker,TOR,Toronto,1610612761.0,Raptors,0,,,,,,54 - 67,13,,8:36 PM
239,2,6,259,0020700845,,,6:15,3,5,4,1,2742,Sebastian Telfair,MIN,Minnesota,1610612750.0,Timberwolves,200745,Andrea Bargnani,TOR,Toronto,1610612761.0,Raptors,0,,,,,,,,Telfair S.FOUL (P2.T2),8:36 PM
240,10,3,260,0020700845,Bargnani Free Throw 1 of 1 (12 PTS),,6:15,3,4,0,0,200745,Andrea Bargnani,TOR,Toronto,1610612761.0,Raptors,0,,,,,,0,,,,,,54 - 68,14,,8:36 PM
241,7,1,261,0020700845,,,6:05,3,5,5,0,2744,Al Jefferson,MIN,Minnesota,1610612750.0,Timberwolves,2742,Sebastian Telfair,MIN,Minnesota,1610612750.0,Timberwolves,0,,,,,,56 - 68,12,Jefferson  Dunk (17 PTS) (Telfair 6 AST),8:37 PM
242,1,1,262,0020700845,Bosh 8' Jump Shot (20 PTS) (Parker 5 AST),,5:48,3,4,4,0,2547,Chris Bosh,TOR,Toronto,1610612761.0,Raptors,1515,Anthony Parker,TOR,Toronto,1610612761.0,Raptors,0,,,,,,56 - 70,14,,8:37 PM
243,1,2,263,0020700845,,,5:33,3,5,0,0,200751,Randy Foye,MIN,Minnesota,1610612750.0,Timberwolves,0,,,,,,0,,,,,,,,MISS Foye 23' Jump Shot,8:37 PM
244,0,4,264,0020700845,Bargnani REBOUND (Off:0 Def:5),,5:31,3,4,0,0,200745,Andrea Bargnani,TOR,Toronto,1610612761.0,Raptors,0,,,,,,0,,,,,,,,,8:37 PM
245,43,1,265,0020700845,Bosh  Alley Oop Layup (22 PTS) (Moon 2 AST),,5:26,3,4,4,0,2547,Chris Bosh,TOR,Toronto,1610612761.0,Raptors,200081,Jamario Moon,TOR,Toronto,1610612761.0,Raptors,0,,,,,,56 - 72,16,,8:37 PM
246,1,1,266,0020700845,,,5:02,3,5,0,0,2744,Al Jefferson,MIN,Minnesota,1610612750.0,Timberwolves,0,,,,,,0,,,,,,58 - 72,14,Jefferson 7' Jump Shot (19 PTS),8:38 PM
247,1,2,267,0020700845,MISS Parker  3PT Jump Shot,,4:51,3,4,0,0,1515,Anthony Parker,TOR,Toronto,1610612761.0,Raptors,0,,,,,,0,,,,,,,,,8:38 PM
248,0,4,268,0020700845,Bosh REBOUND (Off:4 Def:2),,4:50,3,4,0,0,2547,Chris Bosh,TOR,Toronto,1610612761.0,Raptors,0,,,,,,0,,,,,,,,,8:38 PM
249,4,1,269,0020700845,Bosh  Tip Shot (24 PTS),,4:48,3,4,0,0,2547,Chris Bosh,TOR,Toronto,1610612761.0,Raptors,0,,,,,,0,,,,,,58 - 74,16,,8:38 PM
250,1,2,270,0020700845,,,4:31,3,5,0,0,2745,Kirk Snyder,MIN,Minnesota,1610612750.0,Timberwolves,0,,,,,,0,,,,,,,,MISS Snyder 25' 3PT Jump Shot,8:38 PM
251,0,4,271,0020700845,Parker REBOUND (Off:0 Def:1),,4:30,3,4,0,0,1515,Anthony Parker,TOR,Toronto,1610612761.0,Raptors,0,,,,,,0,,,,,,,,,8:38 PM
252,1,2,272,0020700845,MISS Bargnani 25' 3PT Jump Shot,,4:21,3,4,0,0,200745,Andrea Bargnani,TOR,Toronto,1610612761.0,Raptors,0,,,,,,0,,,,,,,,,8:38 PM
253,0,4,273,0020700845,,,4:20,3,5,0,0,200751,Randy Foye,MIN,Minnesota,1610612750.0,Timberwolves,0,,,,,,0,,,,,,,,Foye REBOUND (Off:0 Def:3),8:38 PM
254,4,6,274,0020700845,,,4:12,3,5,4,1,101155,Ryan Gomes,MIN,Minnesota,1610612750.0,Timberwolves,200081,Jamario Moon,TOR,Toronto,1610612761.0,Raptors,0,,,,,,,,Gomes OFF.Foul (P2),8:39 PM
255,5,5,275,0020700845,,,4:12,3,5,0,1,101155,Ryan Gomes,MIN,Minnesota,1610612750.0,Timberwolves,0,,,,,,0,,,,,,,,Gomes Foul Turnover (P3.T16),8:39 PM
256,2,6,276,0020700845,,,4:03,3,5,4,1,2742,Sebastian Telfair,MIN,Minnesota,1610612750.0,Timberwolves,101181,Jose Calderon,TOR,Toronto,1610612761.0,Raptors,0,,,,,,,,Telfair S.FOUL (P3.T3),8:39 PM
257,11,3,277,0020700845,Calderon Free Throw 1 of 2 (5 PTS),,4:03,3,4,0,0,101181,Jose Calderon,TOR,Toronto,1610612761.0,Raptors,0,,,,,,0,,,,,,58 - 75,17,,8:39 PM
258,0,8,279,0020700845,,,4:03,3,5,5,0,200751,Randy Foye,MIN,Minnesota,1610612750.0,Timberwolves,2060,Marko Jaric,MIN,Minnesota,1610612750.0,Timberwolves,0,,,,,,,,SUB: Jaric FOR Foye,8:40 PM
259,12,3,280,0020700845,Calderon Free Throw 2 of 2 (6 PTS),,4:03,3,4,0,0,101181,Jose Calderon,TOR,Toronto,1610612761.0,Raptors,0,,,,,,0,,,,,,58 - 76,18,,8:40 PM
260,7,1,281,0020700845,,,3:50,3,5,5,0,2744,Al Jefferson,MIN,Minnesota,1610612750.0,Timberwolves,2742,Sebastian Telfair,MIN,Minnesota,1610612750.0,Timberwolves,0,,,,,,60 - 76,16,Jefferson  Dunk (21 PTS) (Telfair 7 AST),8:40 PM
261,1,2,282,0020700845,MISS Calderon 21' Jump Shot,,3:29,3,4,0,0,101181,Jose Calderon,TOR,Toronto,1610612761.0,Raptors,0,,,,,,0,,,,,,,,,8:40 PM
262,0,4,283,0020700845,,,3:29,3,5,0,0,2744,Al Jefferson,MIN,Minnesota,1610612750.0,Timberwolves,0,,,,,,0,,,,,,,,Jefferson REBOUND (Off:0 Def:4),8:40 PM
263,44,1,284,0020700845,,,3:10,3,5,5,0,2060,Marko Jaric,MIN,Minnesota,1610612750.0,Timberwolves,2744,Al Jefferson,MIN,Minnesota,1610612750.0,Timberwolves,0,,,,,,62 - 76,14,Jaric  Reverse Layup (2 PTS) (Jefferson 3 AST),8:41 PM
264,2,5,285,0020700845,Calderon Lost Ball Turnover (P1.T4),,3:00,3,4,5,0,101181,Jose Calderon,TOR,Toronto,1610612761.0,Raptors,101155,Ryan Gomes,MIN,Minnesota,1610612750.0,Timberwolves,0,,,,,,,,Gomes STEAL (1 STL),8:41 PM
265,1,2,286,0020700845,,,2:46,3,5,0,0,2060,Marko Jaric,MIN,Minnesota,1610612750.0,Timberwolves,0,,,,,,0,,,,,,,,MISS Jaric 25' 3PT Jump Shot,8:41 PM
266,0,4,287,0020700845,,,2:45,3,5,0,0,2742,Sebastian Telfair,MIN,Minnesota,1610612750.0,Timberwolves,0,,,,,,0,,,,,,,,Telfair REBOUND (Off:1 Def:1),8:41 PM
267,1,2,288,0020700845,,,2:40,3,5,0,0,101155,Ryan Gomes,MIN,Minnesota,1610612750.0,Timberwolves,0,,,,,,0,,,,,,,,MISS Gomes  3PT Jump Shot,8:41 PM
268,0,4,289,0020700845,,,2:39,3,5,0,0,2744,Al Jefferson,MIN,Minnesota,1610612750.0,Timberwolves,0,,,,,,0,,,,,,,,Jefferson REBOUND (Off:1 Def:4),8:41 PM
269,58,1,290,0020700845,,,2:36,3,5,0,0,2744,Al Jefferson,MIN,Minnesota,1610612750.0,Timberwolves,0,,,,,,0,,,,,,64 - 76,12,Jefferson 9' Turnaround Hook Shot (23 PTS),8:41 PM
270,1,9,291,0020700845,RAPTORS Timeout: Regular (Full 3 Short 0),,2:34,3,2,0,0,1610612761,,,,,,0,,,,,,0,,,,,,,,,8:41 PM
271,0,8,293,0020700845,SUB: Nesterovic FOR Bargnani,,2:34,3,4,4,0,200745,Andrea Bargnani,TOR,Toronto,1610612761.0,Raptors,1725,Rasho Nesterovic,TOR,Toronto,1610612761.0,Raptors,0,,,,,,,,,8:44 PM
272,58,1,294,0020700845,Nesterovic 5' Turnaround Hook Shot (2 PTS) (Calderon 6 AST),,2:19,3,4,4,0,1725,Rasho Nesterovic,TOR,Toronto,1610612761.0,Raptors,101181,Jose Calderon,TOR,Toronto,1610612761.0,Raptors,0,,,,,,64 - 78,14,,8:45 PM
273,1,2,295,0020700845,,,1:54,3,5,0,0,2744,Al Jefferson,MIN,Minnesota,1610612750.0,Timberwolves,0,,,,,,0,,,,,,,,MISS Jefferson 19' Jump Shot,8:45 PM
274,0,4,296,0020700845,Nesterovic REBOUND (Off:1 Def:1),,1:53,3,4,0,0,1725,Rasho Nesterovic,TOR,Toronto,1610612761.0,Raptors,0,,,,,,0,,,,,,,,,8:45 PM
275,7,1,297,0020700845,Bosh  Dunk (26 PTS) (Calderon 7 AST),,1:39,3,4,4,0,2547,Chris Bosh,TOR,Toronto,1610612761.0,Raptors,101181,Jose Calderon,TOR,Toronto,1610612761.0,Raptors,0,,,,,,64 - 80,16,,8:45 PM
276,0,8,298,0020700845,SUB: Ford FOR Calderon,,1:27,3,4,4,0,101181,Jose Calderon,TOR,Toronto,1610612761.0,Raptors,2551,T.J. Ford,TOR,Toronto,1610612761.0,Raptors,0,,,,,,,,,8:46 PM
277,65,2,299,0020700845,,,1:21,3,5,0,0,2744,Al Jefferson,MIN,Minnesota,1610612750.0,Timberwolves,0,,,,,,0,,,,,,,,MISS Jefferson 7' Jump Hook Shot,8:46 PM
278,0,4,300,0020700845,Parker REBOUND (Off:0 Def:2),,1:20,3,4,0,0,1515,Anthony Parker,TOR,Toronto,1610612761.0,Raptors,0,,,,,,0,,,,,,,,,8:46 PM
279,8,1,301,0020700845,Moon  Slam Dunk (11 PTS) (Nesterovic 1 AST),,1:14,3,4,4,0,200081,Jamario Moon,TOR,Toronto,1610612761.0,Raptors,1725,Rasho Nesterovic,TOR,Toronto,1610612761.0,Raptors,0,,,,,,64 - 82,18,,8:46 PM
280,2,9,302,0020700845,,,1:06,3,3,0,0,1610612750,,,,,,0,,,,,,0,,,,,,,,Timberwolves Timeout: Short (Reg.3 Short 2),8:46 PM
281,0,8,303,0020700845,,,1:06,3,5,5,0,2744,Al Jefferson,MIN,Minnesota,1610612750.0,Timberwolves,200783,Craig Smith,MIN,Minnesota,1610612750.0,Timberwolves,0,,,,,,,,SUB: Smith FOR Jefferson,8:47 PM
282,1,2,305,0020700845,,,0:50,3,5,0,0,2060,Marko Jaric,MIN,Minnesota,1610612750.0,Timberwolves,0,,,,,,0,,,,,,,,MISS Jaric 22' Jump Shot,8:48 PM
283,0,4,306,0020700845,Moon REBOUND (Off:1 Def:5),,0:49,3,4,0,0,200081,Jamario Moon,TOR,Toronto,1610612761.0,Raptors,0,,,,,,0,,,,,,,,,8:48 PM
284,1,2,307,0020700845,MISS Ford 25' 3PT Jump Shot,,0:36,3,4,0,0,2551,T.J. Ford,TOR,Toronto,1610612761.0,Raptors,0,,,,,,0,,,,,,,,,8:48 PM
285,0,4,308,0020700845,,,0:35,3,5,0,0,2060,Marko Jaric,MIN,Minnesota,1610612750.0,Timberwolves,0,,,,,,0,,,,,,,,Jaric REBOUND (Off:0 Def:2),8:48 PM
286,2,6,309,0020700845,Ford S.FOUL (P2.T3),,0:24,3,4,5,1,2551,T.J. Ford,TOR,Toronto,1610612761.0,Raptors,2745,Kirk Snyder,MIN,Minnesota,1610612750.0,Timberwolves,0,,,,,,,,,8:48 PM
287,0,8,310,0020700845,,,0:24,3,5,5,0,101155,Ryan Gomes,MIN,Minnesota,1610612750.0,Timberwolves,101119,Rashad McCants,MIN,Minnesota,1610612750.0,Timberwolves,0,,,,,,,,SUB: McCants FOR Gomes,8:49 PM
288,11,3,311,0020700845,,,0:24,3,5,0,0,2745,Kirk Snyder,MIN,Minnesota,1610612750.0,Timberwolves,0,,,,,,0,,,,,,65 - 82,17,Snyder Free Throw 1 of 2 (3 PTS),8:49 PM
289,0,8,312,0020700845,SUB: Kapono FOR Nesterovic,,0:24,3,4,4,0,1725,Rasho Nesterovic,TOR,Toronto,1610612761.0,Raptors,2574,Jason Kapono,TOR,Toronto,1610612761.0,Raptors,0,,,,,,,,,8:49 PM
290,12,3,313,0020700845,,,0:24,3,5,0,0,2745,Kirk Snyder,MIN,Minnesota,1610612750.0,Timberwolves,0,,,,,,0,,,,,,,,MISS Snyder Free Throw 2 of 2,8:49 PM
291,0,4,314,0020700845,Moon REBOUND (Off:1 Def:6),,0:24,3,4,0,0,200081,Jamario Moon,TOR,Toronto,1610612761.0,Raptors,0,,,,,,0,,,,,,,,,8:49 PM
292,1,6,315,0020700845,,,0:08,3,5,4,1,2060,Marko Jaric,MIN,Minnesota,1610612750.0,Timberwolves,2551,T.J. Ford,TOR,Toronto,1610612761.0,Raptors,0,,,,,,,,Jaric P.FOUL (P2.T4),8:50 PM
293,42,1,316,0020700845,Kapono  Driving Layup (4 PTS) (Moon 3 AST),,0:02,3,4,4,0,2574,Jason Kapono,TOR,Toronto,1610612761.0,Raptors,200081,Jamario Moon,TOR,Toronto,1610612761.0,Raptors,0,,,,,,65 - 84,19,,8:50 PM
294,46,2,317,0020700845,,,0:00,3,5,0,0,2742,Sebastian Telfair,MIN,Minnesota,1610612750.0,Timberwolves,0,,,,,,0,,,,,,,,MISS Telfair 45' 3PT Running Jump Shot,8:50 PM
295,0,4,318,0020700845,,,0:00,3,3,0,0,1610612750,,,,,,0,,,,,,0,,,,,,,,Timberwolves Rebound,8:50 PM
296,0,13,319,0020700845,,,0:00,3,0,0,0,0,,,,,,0,,,,,,0,,,,,,65 - 84,19,,8:50 PM
297,0,12,321,0020700845,,,12:00,4,0,0,0,0,,,,,,0,,,,,,0,,,,,,65 - 84,19,,8:53 PM
298,4,5,322,0020700845,,,11:45,4,5,0,1,200783,Craig Smith,MIN,Minnesota,1610612750.0,Timberwolves,0,,,,,,0,,,,,,,,Smith Traveling Turnover (P4.T17),8:53 PM
299,65,1,323,0020700845,Nesterovic 8' Jump Hook Shot (4 PTS) (Moon 4 AST),,11:28,4,4,4,0,1725,Rasho Nesterovic,TOR,Toronto,1610612761.0,Raptors,200081,Jamario Moon,TOR,Toronto,1610612761.0,Raptors,0,,,,,,65 - 86,21,,8:54 PM
300,42,2,324,0020700845,Nesterovic BLOCK (1 BLK),,11:07,4,5,0,4,2745,Kirk Snyder,MIN,Minnesota,1610612750.0,Timberwolves,0,,,,,,1725,Rasho Nesterovic,TOR,Toronto,1610612761.0,Raptors,,,MISS Snyder  Driving Layup,8:54 PM
301,0,4,325,0020700845,Nesterovic REBOUND (Off:1 Def:2),,11:06,4,4,0,0,1725,Rasho Nesterovic,TOR,Toronto,1610612761.0,Raptors,0,,,,,,0,,,,,,,,,8:54 PM
302,1,6,326,0020700845,,,11:04,4,5,4,1,2060,Marko Jaric,MIN,Minnesota,1610612750.0,Timberwolves,2551,T.J. Ford,TOR,Toronto,1610612761.0,Raptors,0,,,,,,,,Jaric P.FOUL (P3.T1),8:54 PM
303,0,8,327,0020700845,SUB: Delfino FOR Moon,,11:04,4,4,4,0,200081,Jamario Moon,TOR,Toronto,1610612761.0,Raptors,2568,Carlos Delfino,TOR,Toronto,1610612761.0,Raptors,0,,,,,,,,,8:54 PM
304,4,6,328,0020700845,Bosh OFF.Foul (P2),,10:59,4,4,5,1,2547,Chris Bosh,TOR,Toronto,1610612761.0,Raptors,689,Theo Ratliff,MIN,Minnesota,1610612750.0,Timberwolves,0,,,,,,,,,8:55 PM
305,5,5,329,0020700845,Bosh Foul Turnover (P2.T5),,10:59,4,4,0,1,2547,Chris Bosh,TOR,Toronto,1610612761.0,Raptors,0,,,,,,0,,,,,,,,,8:55 PM
306,84,1,330,0020700845,,,10:43,4,5,0,0,101119,Rashad McCants,MIN,Minnesota,1610612750.0,Timberwolves,0,,,,,,0,,,,,,67 - 86,19,McCants 8' Running Bank Shot (12 PTS),8:55 PM
307,1,6,331,0020700845,,,10:25,4,5,4,1,689,Theo Ratliff,MIN,Minnesota,1610612750.0,Timberwolves,2547,Chris Bosh,TOR,Toronto,1610612761.0,Raptors,0,,,,,,,,Ratliff P.FOUL (P3.T2),8:55 PM
308,1,1,332,0020700845,Kapono 21' Jump Shot (6 PTS) (Ford 1 AST),,10:19,4,4,4,0,2574,Jason Kapono,TOR,Toronto,1610612761.0,Raptors,2551,T.J. Ford,TOR,Toronto,1610612761.0,Raptors,0,,,,,,67 - 88,21,,8:56 PM
309,1,2,333,0020700845,,,10:01,4,5,0,0,101119,Rashad McCants,MIN,Minnesota,1610612750.0,Timberwolves,0,,,,,,0,,,,,,,,MISS McCants  3PT Jump Shot,8:56 PM
310,0,4,334,0020700845,,,10:00,4,5,0,0,689,Theo Ratliff,MIN,Minnesota,1610612750.0,Timberwolves,0,,,,,,0,,,,,,,,Ratliff REBOUND (Off:2 Def:0),8:56 PM
311,87,1,335,0020700845,,,9:58,4,5,0,0,689,Theo Ratliff,MIN,Minnesota,1610612750.0,Timberwolves,0,,,,,,0,,,,,,69 - 88,19,Ratliff  Putback Dunk (2 PTS),8:56 PM
312,1,2,336,0020700845,MISS Delfino 24' 3PT Jump Shot,,9:38,4,4,0,0,2568,Carlos Delfino,TOR,Toronto,1610612761.0,Raptors,0,,,,,,0,,,,,,,,,8:57 PM
313,0,4,337,0020700845,,,9:37,4,3,0,0,1610612750,,,,,,0,,,,,,0,,,,,,,,Timberwolves Rebound,8:57 PM
314,1,2,339,0020700845,Nesterovic BLOCK (2 BLK),,9:23,4,5,0,4,200783,Craig Smith,MIN,Minnesota,1610612750.0,Timberwolves,0,,,,,,1725,Rasho Nesterovic,TOR,Toronto,1610612761.0,Raptors,,,MISS Smith 8' Jump Shot,8:57 PM
315,0,4,340,0020700845,,,9:21,4,5,0,0,200783,Craig Smith,MIN,Minnesota,1610612750.0,Timberwolves,0,,,,,,0,,,,,,,,Smith REBOUND (Off:1 Def:2),8:57 PM
316,5,1,341,0020700845,,,9:19,4,5,0,0,200783,Craig Smith,MIN,Minnesota,1610612750.0,Timberwolves,0,,,,,,0,,,,,,71 - 88,17,Smith  Layup (6 PTS),8:57 PM
317,1,2,343,0020700845,MISS Bosh 20' Jump Shot,,9:05,4,4,0,0,2547,Chris Bosh,TOR,Toronto,1610612761.0,Raptors,0,,,,,,0,,,,,,,,,8:57 PM
318,0,4,344,0020700845,,,9:03,4,5,0,0,2745,Kirk Snyder,MIN,Minnesota,1610612750.0,Timberwolves,0,,,,,,0,,,,,,,,Snyder REBOUND (Off:0 Def:1),8:57 PM
319,1,2,345,0020700845,,,8:51,4,5,0,0,2745,Kirk Snyder,MIN,Minnesota,1610612750.0,Timberwolves,0,,,,,,0,,,,,,,,MISS Snyder 20' Jump Shot,8:58 PM
320,0,4,346,0020700845,Ford REBOUND (Off:1 Def:2),,8:50,4,4,0,0,2551,T.J. Ford,TOR,Toronto,1610612761.0,Raptors,0,,,,,,0,,,,,,,,,8:58 PM
321,5,1,347,0020700845,Bosh  Layup (28 PTS) (Ford 2 AST),,8:45,4,4,4,0,2547,Chris Bosh,TOR,Toronto,1610612761.0,Raptors,2551,T.J. Ford,TOR,Toronto,1610612761.0,Raptors,0,,,,,,71 - 90,19,,8:58 PM
322,11,6,348,0020700845,,,8:43,4,5,0,1,2745,Kirk Snyder,MIN,Minnesota,1610612750.0,Timberwolves,0,,,,,,0,,,,,,,,Snyder T.FOUL (P1.T2),8:58 PM
323,1,11,351,0020700845,,,8:43,4,5,0,1,2745,Kirk Snyder,MIN,Minnesota,1610612750.0,Timberwolves,0,,,,,,0,,,,,,,,Snyder Ejection:Second Technical,8:59 PM
324,0,8,352,0020700845,,,8:43,4,5,5,0,2745,Kirk Snyder,MIN,Minnesota,1610612750.0,Timberwolves,200751,Randy Foye,MIN,Minnesota,1610612750.0,Timberwolves,0,,,,,,,,SUB: Foye FOR Snyder,8:59 PM
325,4,9,353,0020700845,,,8:43,4,1,0,0,0,,,,,,0,,,,,,0,,,,,,,,,9:00 PM
326,16,3,356,0020700845,Ford Free Throw Technical (14 PTS),,8:43,4,4,0,0,2551,T.J. Ford,TOR,Toronto,1610612761.0,Raptors,0,,,,,,0,,,,,,71 - 91,20,,9:01 PM
327,1,6,357,0020700845,Bosh P.FOUL (P3.T1),,8:24,4,4,5,1,2547,Chris Bosh,TOR,Toronto,1610612761.0,Raptors,200783,Craig Smith,MIN,Minnesota,1610612750.0,Timberwolves,0,,,,,,,,,9:01 PM
328,42,2,358,0020700845,Nesterovic BLOCK (3 BLK),,8:11,4,5,0,4,200783,Craig Smith,MIN,Minnesota,1610612750.0,Timberwolves,0,,,,,,1725,Rasho Nesterovic,TOR,Toronto,1610612761.0,Raptors,,,MISS Smith  Driving Layup,9:02 PM
329,0,4,359,0020700845,,,8:10,4,5,0,0,101119,Rashad McCants,MIN,Minnesota,1610612750.0,Timberwolves,0,,,,,,0,,,,,,,,McCants REBOUND (Off:1 Def:2),9:02 PM
330,11,5,360,0020700845,,,8:10,4,3,0,1,1610612750,,,,,,0,,,,,,0,,,,,,,,Timberwolves Turnover: Shot Clock (T#18),9:02 PM
331,1,2,361,0020700845,MISS Kapono 21' Jump Shot,,8:00,4,4,0,0,2574,Jason Kapono,TOR,Toronto,1610612761.0,Raptors,0,,,,,,0,,,,,,,,,9:03 PM
332,0,4,362,0020700845,,,7:59,4,5,0,0,689,Theo Ratliff,MIN,Minnesota,1610612750.0,Timberwolves,0,,,,,,0,,,,,,,,Ratliff REBOUND (Off:2 Def:1),9:03 PM
333,1,1,363,0020700845,,,7:43,4,5,5,0,200783,Craig Smith,MIN,Minnesota,1610612750.0,Timberwolves,200751,Randy Foye,MIN,Minnesota,1610612750.0,Timberwolves,0,,,,,,73 - 91,18,Smith 7' Jump Shot (8 PTS) (Foye 2 AST),9:03 PM
334,1,6,364,0020700845,,,7:36,4,5,4,1,200751,Randy Foye,MIN,Minnesota,1610612750.0,Timberwolves,2551,T.J. Ford,TOR,Toronto,1610612761.0,Raptors,0,,,,,,,,Foye P.FOUL (P2.T3),9:03 PM
335,1,2,365,0020700845,MISS Delfino 26' 3PT Jump Shot,,7:28,4,4,0,0,2568,Carlos Delfino,TOR,Toronto,1610612761.0,Raptors,0,,,,,,0,,,,,,,,,9:04 PM
336,0,4,366,0020700845,Bosh REBOUND (Off:5 Def:2),,7:27,4,4,0,0,2547,Chris Bosh,TOR,Toronto,1610612761.0,Raptors,0,,,,,,0,,,,,,,,,9:04 PM
337,1,1,367,0020700845,Kapono 15' Jump Shot (8 PTS) (Delfino 2 AST),,7:11,4,4,4,0,2574,Jason Kapono,TOR,Toronto,1610612761.0,Raptors,2568,Carlos Delfino,TOR,Toronto,1610612761.0,Raptors,0,,,,,,73 - 93,20,,9:04 PM
338,1,2,368,0020700845,,,6:49,4,5,0,0,101119,Rashad McCants,MIN,Minnesota,1610612750.0,Timberwolves,0,,,,,,0,,,,,,,,MISS McCants 24' 3PT Jump Shot,9:04 PM
339,0,4,369,0020700845,Nesterovic REBOUND (Off:1 Def:3),,6:49,4,4,0,0,1725,Rasho Nesterovic,TOR,Toronto,1610612761.0,Raptors,0,,,,,,0,,,,,,,,,9:04 PM
340,1,2,370,0020700845,MISS Ford 20' Jump Shot,,6:39,4,4,0,0,2551,T.J. Ford,TOR,Toronto,1610612761.0,Raptors,0,,,,,,0,,,,,,,,,9:04 PM
341,0,4,371,0020700845,,,6:38,4,5,0,0,689,Theo Ratliff,MIN,Minnesota,1610612750.0,Timberwolves,0,,,,,,0,,,,,,,,Ratliff REBOUND (Off:2 Def:2),9:04 PM
342,1,2,372,0020700845,,,6:16,4,5,0,0,200751,Randy Foye,MIN,Minnesota,1610612750.0,Timberwolves,0,,,,,,0,,,,,,,,MISS Foye  3PT Jump Shot,9:05 PM
343,0,4,373,0020700845,Kapono REBOUND (Off:1 Def:1),,6:15,4,4,0,0,2574,Jason Kapono,TOR,Toronto,1610612761.0,Raptors,0,,,,,,0,,,,,,,,,9:05 PM
344,1,2,374,0020700845,MISS Kapono 17' Jump Shot,,6:05,4,4,0,0,2574,Jason Kapono,TOR,Toronto,1610612761.0,Raptors,0,,,,,,0,,,,,,,,,9:05 PM
345,0,4,375,0020700845,,,6:04,4,5,0,0,689,Theo Ratliff,MIN,Minnesota,1610612750.0,Timberwolves,0,,,,,,0,,,,,,,,Ratliff REBOUND (Off:2 Def:3),9:05 PM
346,2,6,378,0020700845,Nesterovic S.FOUL (P3.T2),,5:43,4,4,5,1,1725,Rasho Nesterovic,TOR,Toronto,1610612761.0,Raptors,689,Theo Ratliff,MIN,Minnesota,1610612750.0,Timberwolves,0,,,,,,,,,9:06 PM
347,1,9,379,0020700845,RAPTORS Timeout: Regular (Full 4 Short 0),,5:43,4,2,0,0,1610612761,,,,,,0,,,,,,0,,,,,,,,,9:06 PM
348,11,3,383,0020700845,,,5:43,4,5,0,0,689,Theo Ratliff,MIN,Minnesota,1610612750.0,Timberwolves,0,,,,,,0,,,,,,,,MISS Ratliff Free Throw 1 of 2,9:08 PM
349,1,4,384,0020700845,,,5:43,4,3,0,0,1610612750,,,,,,0,,,,,,0,,,,,,,,Timberwolves Rebound,9:08 PM
350,12,3,385,0020700845,,,5:43,4,5,0,0,689,Theo Ratliff,MIN,Minnesota,1610612750.0,Timberwolves,0,,,,,,0,,,,,,74 - 93,19,Ratliff Free Throw 2 of 2 (3 PTS),9:09 PM
351,75,2,386,0020700845,MISS Delfino  Driving Finger Roll Layup,,5:26,4,4,0,0,2568,Carlos Delfino,TOR,Toronto,1610612761.0,Raptors,0,,,,,,0,,,,,,,,,9:09 PM
352,0,4,387,0020700845,,,5:24,4,5,0,0,689,Theo Ratliff,MIN,Minnesota,1610612750.0,Timberwolves,0,,,,,,0,,,,,,,,Ratliff REBOUND (Off:2 Def:4),9:09 PM
353,1,6,388,0020700845,Nesterovic P.FOUL (P4.T3),,5:12,4,4,5,1,1725,Rasho Nesterovic,TOR,Toronto,1610612761.0,Raptors,200783,Craig Smith,MIN,Minnesota,1610612750.0,Timberwolves,0,,,,,,,,,9:09 PM
354,0,8,389,0020700845,,,5:12,4,5,5,0,689,Theo Ratliff,MIN,Minnesota,1610612750.0,Timberwolves,201181,Chris Richard,MIN,Minnesota,1610612750.0,Timberwolves,0,,,,,,,,SUB: Richard FOR Ratliff,9:10 PM
355,0,8,390,0020700845,,,5:12,4,5,5,0,2060,Marko Jaric,MIN,Minnesota,1610612750.0,Timberwolves,201147,Corey Brewer,MIN,Minnesota,1610612750.0,Timberwolves,0,,,,,,,,SUB: Brewer FOR Jaric,9:10 PM
356,1,1,391,0020700845,,,5:01,4,5,5,0,101119,Rashad McCants,MIN,Minnesota,1610612750.0,Timberwolves,201181,Chris Richard,MIN,Minnesota,1610612750.0,Timberwolves,0,,,,,,76 - 93,17,McCants 19' Jump Shot (14 PTS) (Richard 1 AST),9:10 PM
357,2,6,392,0020700845,,,4:36,4,5,4,1,101119,Rashad McCants,MIN,Minnesota,1610612750.0,Timberwolves,2568,Carlos Delfino,TOR,Toronto,1610612761.0,Raptors,0,,,,,,,,McCants S.FOUL (P3.T4),9:11 PM
358,11,3,393,0020700845,Delfino Free Throw 1 of 2 (1 PTS),,4:36,4,4,0,0,2568,Carlos Delfino,TOR,Toronto,1610612761.0,Raptors,0,,,,,,0,,,,,,76 - 94,18,,9:11 PM
359,12,3,394,0020700845,Delfino Free Throw 2 of 2 (2 PTS),,4:36,4,4,0,0,2568,Carlos Delfino,TOR,Toronto,1610612761.0,Raptors,0,,,,,,0,,,,,,76 - 95,19,,9:11 PM
360,49,2,395,0020700845,,,4:24,4,5,0,0,200751,Randy Foye,MIN,Minnesota,1610612750.0,Timberwolves,0,,,,,,0,,,,,,,,MISS Foye  Driving Dunk,9:12 PM
361,0,4,396,0020700845,Kapono REBOUND (Off:1 Def:2),,4:22,4,4,0,0,2574,Jason Kapono,TOR,Toronto,1610612761.0,Raptors,0,,,,,,0,,,,,,,,,9:12 PM
362,1,2,397,0020700845,MISS Nesterovic 12' Jump Shot,,4:02,4,4,0,0,1725,Rasho Nesterovic,TOR,Toronto,1610612761.0,Raptors,0,,,,,,0,,,,,,,,,9:12 PM
363,0,4,398,0020700845,,,4:01,4,5,0,0,201147,Corey Brewer,MIN,Minnesota,1610612750.0,Timberwolves,0,,,,,,0,,,,,,,,Brewer REBOUND (Off:0 Def:3),9:12 PM
364,1,6,399,0020700845,Ford P.FOUL (P3.T4),,3:52,4,4,5,1,2551,T.J. Ford,TOR,Toronto,1610612761.0,Raptors,101119,Rashad McCants,MIN,Minnesota,1610612750.0,Timberwolves,0,,,,,,,,,9:12 PM
365,0,8,400,0020700845,SUB: Humphries FOR Bosh,,3:52,4,4,4,0,2547,Chris Bosh,TOR,Toronto,1610612761.0,Raptors,2743,Kris Humphries,TOR,Toronto,1610612761.0,Raptors,0,,,,,,,,,9:12 PM
366,1,2,401,0020700845,,,3:45,4,5,0,0,101119,Rashad McCants,MIN,Minnesota,1610612750.0,Timberwolves,0,,,,,,0,,,,,,,,MISS McCants 25' 3PT Jump Shot,9:13 PM
367,0,4,402,0020700845,,,3:44,4,5,0,0,200783,Craig Smith,MIN,Minnesota,1610612750.0,Timberwolves,0,,,,,,0,,,,,,,,Smith REBOUND (Off:2 Def:2),9:13 PM
368,1,5,403,0020700845,Delfino STEAL (1 STL),,3:33,4,5,4,0,201147,Corey Brewer,MIN,Minnesota,1610612750.0,Timberwolves,2568,Carlos Delfino,TOR,Toronto,1610612761.0,Raptors,0,,,,,,,,Brewer Bad Pass Turnover (P1.T19),9:13 PM
369,42,1,404,0020700845,Delfino  Driving Layup (4 PTS),,3:30,4,4,0,0,2568,Carlos Delfino,TOR,Toronto,1610612761.0,Raptors,0,,,,,,0,,,,,,76 - 97,21,,9:13 PM
370,2,6,405,0020700845,,,3:30,4,5,4,1,101119,Rashad McCants,MIN,Minnesota,1610612750.0,Timberwolves,2568,Carlos Delfino,TOR,Toronto,1610612761.0,Raptors,0,,,,,,,,McCants S.FOUL (P4.PN),9:13 PM
371,0,8,406,0020700845,SUB: Brezec FOR Nesterovic,,3:30,4,4,4,0,1725,Rasho Nesterovic,TOR,Toronto,1610612761.0,Raptors,2056,Primoz Brezec,TOR,Toronto,1610612761.0,Raptors,0,,,,,,,,,9:13 PM
372,10,3,407,0020700845,Delfino Free Throw 1 of 1 (5 PTS),,3:30,4,4,0,0,2568,Carlos Delfino,TOR,Toronto,1610612761.0,Raptors,0,,,,,,0,,,,,,76 - 98,22,,9:13 PM
373,2,6,408,0020700845,Brezec S.FOUL (P1.PN),,3:21,4,4,5,1,2056,Primoz Brezec,TOR,Toronto,1610612761.0,Raptors,201181,Chris Richard,MIN,Minnesota,1610612750.0,Timberwolves,0,,,,,,,,,9:14 PM
374,11,3,409,0020700845,,,3:21,4,5,0,0,201181,Chris Richard,MIN,Minnesota,1610612750.0,Timberwolves,0,,,,,,0,,,,,,77 - 98,21,Richard Free Throw 1 of 2 (1 PTS),9:14 PM
375,0,8,410,0020700845,SUB: Graham FOR Delfino,,3:21,4,4,4,0,2568,Carlos Delfino,TOR,Toronto,1610612761.0,Raptors,101121,Joey Graham,TOR,Toronto,1610612761.0,Raptors,0,,,,,,,,,9:14 PM
376,12,3,411,0020700845,,,3:21,4,5,0,0,201181,Chris Richard,MIN,Minnesota,1610612750.0,Timberwolves,0,,,,,,0,,,,,,78 - 98,20,Richard Free Throw 2 of 2 (2 PTS),9:14 PM
377,1,2,412,0020700845,MISS Ford 19' Jump Shot,,3:01,4,4,0,0,2551,T.J. Ford,TOR,Toronto,1610612761.0,Raptors,0,,,,,,0,,,,,,,,,9:15 PM
378,0,4,413,0020700845,Brezec REBOUND (Off:2 Def:0),,3:00,4,4,0,0,2056,Primoz Brezec,TOR,Toronto,1610612761.0,Raptors,0,,,,,,0,,,,,,,,,9:15 PM
379,1,6,414,0020700845,,,3:00,4,5,4,1,201181,Chris Richard,MIN,Minnesota,1610612750.0,Timberwolves,2056,Primoz Brezec,TOR,Toronto,1610612761.0,Raptors,0,,,,,,,,Richard P.FOUL (P1.PN),9:15 PM
380,11,3,415,0020700845,Brezec Free Throw 1 of 2 (4 PTS),,3:00,4,4,0,0,2056,Primoz Brezec,TOR,Toronto,1610612761.0,Raptors,0,,,,,,0,,,,,,78 - 99,21,,9:15 PM
381,12,3,416,0020700845,MISS Brezec Free Throw 2 of 2,,3:00,4,4,0,0,2056,Primoz Brezec,TOR,Toronto,1610612761.0,Raptors,0,,,,,,0,,,,,,,,,9:16 PM
382,0,4,417,0020700845,Humphries REBOUND (Off:1 Def:0),,3:00,4,4,0,0,2743,Kris Humphries,TOR,Toronto,1610612761.0,Raptors,0,,,,,,0,,,,,,,,,9:16 PM
383,1,1,418,0020700845,Kapono 18' Jump Shot (10 PTS) (Humphries 1 AST),,2:40,4,4,4,0,2574,Jason Kapono,TOR,Toronto,1610612761.0,Raptors,2743,Kris Humphries,TOR,Toronto,1610612761.0,Raptors,0,,,,,,78 - 101,23,,9:16 PM
384,40,5,420,0020700845,,,2:25,4,5,0,0,200783,Craig Smith,MIN,Minnesota,1610612750.0,Timberwolves,0,,,,,,0,,,,,,,,Smith Out of Bounds Lost Ball Turnover (P5.T20),9:16 PM
385,1,9,421,0020700845,,,2:25,4,3,0,0,1610612750,,,,,,0,,,,,,0,,,,,,,,Timberwolves Timeout: Regular (Reg.4 Short 2),9:17 PM
386,0,8,423,0020700845,,,2:25,4,5,5,0,200783,Craig Smith,MIN,Minnesota,1610612750.0,Timberwolves,1720,Michael Doleac,MIN,Minnesota,1610612750.0,Timberwolves,0,,,,,,,,SUB: Doleac FOR Smith,9:19 PM
387,52,1,424,0020700845,Graham  Alley Oop Dunk (2 PTS) (Ford 3 AST),,2:16,4,4,4,0,101121,Joey Graham,TOR,Toronto,1610612761.0,Raptors,2551,T.J. Ford,TOR,Toronto,1610612761.0,Raptors,0,,,,,,78 - 103,25,,9:19 PM
388,2,6,425,0020700845,,,2:16,4,5,4,1,201147,Corey Brewer,MIN,Minnesota,1610612750.0,Timberwolves,101121,Joey Graham,TOR,Toronto,1610612761.0,Raptors,0,,,,,,,,Brewer S.FOUL (P1.PN),9:19 PM
389,10,3,426,0020700845,Graham Free Throw 1 of 1 (3 PTS),,2:16,4,4,0,0,101121,Joey Graham,TOR,Toronto,1610612761.0,Raptors,0,,,,,,0,,,,,,78 - 104,26,,9:19 PM
390,1,1,427,0020700845,,,2:00,4,5,5,0,101119,Rashad McCants,MIN,Minnesota,1610612750.0,Timberwolves,1720,Michael Doleac,MIN,Minnesota,1610612750.0,Timberwolves,0,,,,,,81 - 104,23,McCants 25' 3PT Jump Shot (17 PTS) (Doleac 1 AST),9:20 PM
391,1,2,428,0020700845,MISS Humphries 20' Jump Shot,,1:48,4,4,0,0,2743,Kris Humphries,TOR,Toronto,1610612761.0,Raptors,0,,,,,,0,,,,,,,,,9:20 PM
392,0,4,429,0020700845,,,1:47,4,5,0,0,201181,Chris Richard,MIN,Minnesota,1610612750.0,Timberwolves,0,,,,,,0,,,,,,,,Richard REBOUND (Off:0 Def:2),9:20 PM
393,1,1,430,0020700845,,,1:30,4,5,0,0,101119,Rashad McCants,MIN,Minnesota,1610612750.0,Timberwolves,0,,,,,,0,,,,,,83 - 104,21,McCants 22' Jump Shot (19 PTS),9:20 PM
394,2,5,431,0020700845,Graham Lost Ball Turnover (P1.T6),,1:18,4,4,5,0,101121,Joey Graham,TOR,Toronto,1610612761.0,Raptors,101119,Rashad McCants,MIN,Minnesota,1610612750.0,Timberwolves,0,,,,,,,,McCants STEAL (1 STL),9:21 PM
395,42,1,432,0020700845,,,1:15,4,5,5,0,200751,Randy Foye,MIN,Minnesota,1610612750.0,Timberwolves,101119,Rashad McCants,MIN,Minnesota,1610612750.0,Timberwolves,0,,,,,,85 - 104,19,Foye  Driving Layup (18 PTS) (McCants 2 AST),9:21 PM
396,1,1,434,0020700845,Ford 16' Jump Shot (16 PTS),,0:59,4,4,0,0,2551,T.J. Ford,TOR,Toronto,1610612761.0,Raptors,0,,,,,,0,,,,,,85 - 106,21,,9:21 PM
397,58,2,435,0020700845,,,0:47,4,5,0,0,1720,Michael Doleac,MIN,Minnesota,1610612750.0,Timberwolves,0,,,,,,0,,,,,,,,MISS Doleac 12' Turnaround Hook Shot,9:21 PM
398,0,4,436,0020700845,Graham REBOUND (Off:0 Def:1),,0:45,4,4,0,0,101121,Joey Graham,TOR,Toronto,1610612761.0,Raptors,0,,,,,,0,,,,,,,,,9:21 PM
399,2,6,437,0020700845,,,0:26,4,5,4,1,201181,Chris Richard,MIN,Minnesota,1610612750.0,Timberwolves,2743,Kris Humphries,TOR,Toronto,1610612761.0,Raptors,0,,,,,,,,Richard S.FOUL (P2.PN),9:22 PM
400,11,3,438,0020700845,Humphries Free Throw 1 of 2 (1 PTS),,0:26,4,4,0,0,2743,Kris Humphries,TOR,Toronto,1610612761.0,Raptors,0,,,,,,0,,,,,,85 - 107,22,,9:22 PM
401,12,3,439,0020700845,MISS Humphries Free Throw 2 of 2,,0:26,4,4,0,0,2743,Kris Humphries,TOR,Toronto,1610612761.0,Raptors,0,,,,,,0,,,,,,,,,9:22 PM
402,0,4,440,0020700845,Brezec REBOUND (Off:3 Def:0),,0:26,4,4,0,0,2056,Primoz Brezec,TOR,Toronto,1610612761.0,Raptors,0,,,,,,0,,,,,,,,,9:22 PM
403,11,5,441,0020700845,RAPTORS Turnover: Shot Clock (T#7),,0:01,4,2,0,1,1610612761,,,,,,0,,,,,,0,,,,,,,,,9:23 PM
404,0,13,442,0020700845,,,0:00,4,0,0,0,0,,,,,,0,,,,,,0,,,,,,85 - 107,22,,9:23 PM
